Unnamed: 0,author,comment,translated_comment
1,riyanatkinson,"@ricardo_kneff kalau di jakarta e parking biasanya pakai e money, flazz, brizzi, kartu2 yg buat masuk tol itu","@ricardo_kneff kalau parkir di Jakarta biasanya pakai e-money, flazz, brizzi, kartu2 untuk masuk tol"
2,aeldy.rn,"Bayar pakek gopay,dana opo sopipay?","Bayar lewat gopay, dana atau sopipay?"
3,tatan.t,Pembayaran paling gampang Jane gae Qris??,Pembayaran termudah Jane gae Qris??
4,bandar_absyar,Kalau gak di mulai tdk akan pernah mulai.. bismillah bisaaa..,Jika kamu tidak memulai maka kamu tidak akan pernah memulai..
5,betina__gemoy,Wkwk brharap parikir motor di seluruh Ponorogo Jawa Timur. 1000k????amin,"Kami berharap dapat menemukan sepeda motor di seluruh Ponorogo, Jawa Timur. 1000k????amin"
6,dhikakwardani,@frida_jemprit lovekadang rencana mau ngasih 2rbu trus tau g dikembaliin malih g jadi. Hehehehe,@frida_jemprit love - kadang rencananya dikasih 2 rubu lalu dikembalikan lagi. Hehehehe
7,frida_jemprit,"@dhikakwardani  Inggih ,, kadang kita kaum ibu2 mau belanja tdk di tempat itu saja ,, jadi klo di 5 tempat sudah 10 rb sendiri ,,","@dhikawardani Nah, kadang kita para ibu tidak mau belanja di tempat itu, jadi kalau ke 5 tempat saja sudah 10 ribu sendiri."
8,shellasritrisniawati,@aldyn.rn Pakai uang tunai bisa kak bayarnya,@aldyn.rn Anda dapat membayar dengan uang tunai
9,yanyunayamponorogo,Ponorogo hebat,Ponorogo bagus sekali
10,mbak_hess,@frida_jemprit bener??,@frida_jemprit kan??
11,mbak_hess,Mantull,mantel
12,adhisthanadwijaaji,Sing penting parkire rapi..,Yang penting parkirannya rapi..
13,gustavianooo,@bayu_fikri_ oh iyo ben macak kegawe anggaran e ??,@bayu_fikri_ oh cara membuat anggarannya gimana?
14,itsmeolv_,"Mbok ngnoooo, ben parkir motor gak 2rb","Oleh karena itu, saya tidak memarkir sepeda motor seharga 2k"
15,tamanbanyukencanawatublencong,Purwokerto banyumas parkir motor esih 1000,Parkir motor purwokerto banyumas masih 1000
16,syahjulian_,@gustavianooo si paling SDM,@gustavianooo adalah sumber daya manusia terbaik
17,syahjulian_,,Di Sini
18,he_rmawanandre,"Poin pertanggung jawaban ke 3 kok seg podo ae , gak wani tanggung jawab kur njaluk pajak . Ndak masuk akal","Poin tanggung jawab yang ke 3 juga sama, saya tidak berani bertanggung jawab ketika saya minta pajak. Itu tidak masuk akal"
19,richardimm_,"@gustavianooo jajal 10tahun kas, tibake sdm e sek podo","@gustavianooo tes tunai 10 tahun, sama saja"
20,ndy.miella_,Saya suka konsep ini ?? perlahan-lahan Ponorogo menuju go digital,Saya suka konsep ini?? Ponorogo perlahan menuju digital
21,gustavianooo,@julia.nsyahputra si paling satir,@julia.nsyahputra paling menyindir
22,gustavianooo,@rchrdimm_ chuaks ??,@rchrdimm_ chuaks ??
23,vxniiiaa,mesakne jukir seng tuek pak gak paham gawe kui,Sayang sekali Anda tidak mengerti apa yang harus dilakukan
24,ayupesek95,Baguslah seperti ini jd kan gak merugikan masyarakat kecil gak sesuka hati kasih tarif padahal udh ada peraturan yg di tulis di jalan2 berapa2 parkir motor dan mobil,"Baguslah seperti ini karena tidak merugikan masyarakat kecil. Saya tidak mau memberi tarif padahal di jalan sudah ada peraturannya, berapa jumlah mobil dan motor yang boleh parkir."
25,angga_rmx22,layo ngono mbokan moso parker motor 2k ??,Apakah mungkin untuk memarkir sepeda motor seharga 2k?
26,ricki_re,@wong_heloss25 nguyoh ae 2000 kok ngasi parkir 1000????????,@wong_heloss25 kenapa bayar 1000 untuk parkir 2000????????
27,zuaruddin,"@gustavianooo dijak maju gk gelem, ngko e-parking wes jalan gnti komen ""mbok yo ngne ket biyen"" ??","@gustavianooo saya disuruh maju, saya tidak mau berangkat, kenapa e-parking berfungsi malah ada komentar ""mungkin Anda pernah ke sini sebelumnya""??"
28,ricardo_kneff,@riyanatkinson biasane emg gt mas.. yaa siapa tau ponorogo mau buat terobosan bayare pake Qris ????,@riyanatkinson biasanya bagus banget gan.. siapa tau Ponorogo membuat gebrakan dengan menggunakan Qris????
29,gustavianooo,@zuaruddin gak bakal ?? penak langsung ngewehi sewu panggahan,@zuaruddin bukan?? mudahnya memberikan seribu postingan
30,wildanhikmawan_,"Berdasarkan Keputusan Gubernur Jawa Timur Nomor 188/889/KPTS/013/2022 tentang Upah Minimum Kabupaten/Kota Di Jawa Timur Tahun 2023 Upah Minimum Kabupaten Ponorogo Tahun 2023 Rp.2.149.709,45 . TAPI AKEH BAYARAN SG SAK NGISORE IKU, TAPI BIAYA HIDUP E NG PONOROGO JAN TENAN. FASILITAS SIH APIK, TAPI YO IKU, PENDAPATAN MASYARAKAT E BEN ISO MUNGGAH IKU KUDU DI WEHI SOLUSI SEK. AKU MOCO ENEK KOMEN SG KECEPETEN 10 TAHUN. AKU SETUJU IKU. INARAT KATA NE. BUTA MAP.????","Berdasarkan Keputusan Gubernur Jawa Timur Nomor 188/889/KPTS/013/2022 tentang Upah Minimum Kabupaten/Kota di Jawa Timur Tahun 2023 Upah Minimum Kabupaten Ponorogo Tahun 2023 sebesar Rp2.149.709,45. TAPI BANYAK PEMBAYARAN SG DI BAWAH ITU, TAPI BIAYA HIDUP SANGAT LAYAK. FASILITASNYA BAIK, TAPI PENDAPATAN MASYARAKAT DI BEN ISO HARUS DITINGKATKAN DENGAN SOLUSI. SAYA INGIN KOMENTAR DI SG SELAMA 10 TAHUN. SAYA SETUJU DENGAN ITU. INARAT KATA NE. BUTAKAN PETA.????"
31,wildanhikmawan_,@gustavianooo setujuu,@gustavianooo saya setuju
32,inutee.fey,"SETUJU POLL MIN, ben pak* tukang parkir i ogak sak kuarepe dw . tandang wegah bayar 2000 . jane ra sepiro sih tapi lek nyatane kendaraan e awakdewe ra diamankan ki ngwei duit parkir ki yo marai mangkel","SAYA SETUJU DENGAN MIN POLL, ben pak* tukang parkirnya oke dengan apa yang anda inginkan. enggan membayar 2000. Entah berapa harganya, tapi faktanya kendaraan Anda diamankan sehingga bisa membayar parkir."
33,dhikakwardani,@frida_jemprit nggih leres setuju aku,@frida_jemprit Saya setuju dengan Anda
34,denyamalia,Mening Iki min..jelas piro2 ne tarife la MSO diweii Sewu lambene mecocong AE ??,Mening Iki min..sudah jelas berapa tarif MSO kalau seribu bibir cocok AE??
35,off_acc0unt2,1 arah tapi sempit #ponorogo hebat,1 arah tapi sempit #ponorogo mantap
36,riyanatkinson,"@ricardo_kneff oh iya ada yg pake Qris juga di Jakarta, semoga aja di ponorogo bisa pake Qris juga??","@ricardo_kneff oh iya di Jakarta ada yang pakai Qris juga, semoga di Ponorogo bisa pakai Qris juga??"
37,ramangabdulazis,"?? wong"" i SDM rendah kok gawe ngonokan ?? @gilangpratama551 Iki contohe","?? orang"" saya mempunyai sumber daya manusia yang rendah kenapa kamu melakukan itu?? @gilangpratama551 Ini contohnya"
38,cntrmo,@ricardo_kneff ngangge diamond mas,@ricardo_kneff adalah mas berlian
39,ricardo_kneff,@booh_wah masookk????,@booh_wah masookk????
40,teguh_prasetyo188,Sing dek mben nggremeng parkir larang.kui lo ws di kabulne ben reti nek parkir gur sewu.,Yang komplain parkirnya mahal.
41,zahira_belva,"@frida_jemprit pernah tak kasih 1rb koin minta lagi sambil ngomel2,, ini masih lumayan belum tua.biasa kalo tukang parkir tua malah tak kasih lebih.","@frida_jemprit tidak pernah memberi saya 1.000.000 koin, memohon lebih sambil bergumam,, ini masih terbilang muda. Wajar jika tukang parkir yang sudah tua tidak memberi lebih."
42,ifthon._,bagus lah .. positif ...,itu bagus.. positif...
43,friska.ioo,Parkir neng etan alon² ki maeng dijaluki 2000 sik'an min.. ??,Parkir di tengah jalan lambat dan minta 2000 sik'an min..??
44,alirahmanta,Taman tengah jalan sangat mengganggu di tambah bahu jalan buat parkir jalan terwagu,Parkir di tengah jalan sangat mengganggu selain bahu jalan untuk parkir di jalan Terwagu
45,dimsro,"Salfok karo tulisan : PARKIR BUKAN PENITIPAN , trus nk motore ilang karcis parkire gratis","Salfok dengan tulisan : PARKIR BUKAN PENYIMPANAN, dan bila kehilangan sepeda motor mendapat tiket parkir gratis"
46,shinta_anf,@wildanhikmawan_ iyo yaa mba. Di tuntut serba bisa tapi gaji guyonan. Di tuntut serba canggih. Tapi yang kaya makin raya. Yang miskin makin menderita. UMR aja ga di imbangkan. Gaji pas pasan. Bener ncen mending capek kerja daripada capek cari kerja. Tapi yo mengkis dua nek kerja dengan gaji dibawah ratarata. Semangat pejuang rupiah????,"@wildanhikmawan_ iya bu. Dituntut bisa apa saja tapi gajinya main-main. Canggih dalam permintaan. Tapi orang kaya semakin besar. Masyarakat miskin semakin menderita. UMR tidak seimbang. Gaji yang bagus. Lebih baik lelah bekerja daripada lelah mencari pekerjaan. Namun jika Anda bekerja dengan gaji di bawah rata-rata, sayang sekali. Semangat pejuang rupiah????"
47,roufyasmien13,"Bagus ini,, menghindari adanya parkir liar bayar liar","Ini bagus, hindari parkir liar"
48,andry.agustya,Bayar bisa pake cash bisa pake e-money kedepannya itu..,Anda dapat membayar dengan uang tunai atau uang elektronik di masa depan..
49,srikaya_mas,Setuju????,Setuju????
50,erda_kc,Up,Ke atas
51,ricardo_kneff,bayare pake opo min?? tf opo pake emoney?,kamu bayar apa padaku?? apakah kamu menggunakan uang?
52,ambonzxz,Payung ngarepe smp6 kae iso nganti dicem,Payung depan kelas 6 bisa dipakai sampai habis
53,jalanpulangq,Digaji rakyat difasilitasi mewah oleh rakyat.maka bekerjalah melayani rakyat. permudahlah urusan rakyat dg kemampuan yg dimiliki.dg tehnologi yg semakin canggih.sesuaikan lah gaji dan fasilitas yg para pejabat nikmati dg memberi kan kemudahan fasilitas rakyat secara mudah dan  adil bagi semua,"Dibayar rakyat, difasilitasi mewah oleh rakyat, lalu bekerja untuk melayani rakyat. memudahkan urusan rakyat dengan keterampilan yang dimilikinya. dengan teknologi yang semakin canggih, sesuaikan gaji dan fasilitas yang dinikmati para pejabat dengan memberikan fasilitas rakyat secara mudah dan adil bagi semua"
54,saidrosyadii,Sipp mulai maju ??,Sipp mulai maju??
55,zumaroqoirul,@ricardo_kneff jajal admine @ponorogo.update moro gawe video singkat pembayaran e parking . ben kabeh ruh .??,@ricardo_kneff sedang mencari admin @ponorogo.update untuk membuat video singkat tentang pembayaran parkir. ben semua jiwa.??
56,gek__eva,,Di Sini
57,ponorogo.update,@akangzuma ?? siap,@akangzuma?? siap
58,chynsd_,"Sisan pak dalane raya didandani, terutama kecamatan² pelosok","Sisa jalan lainnya sedang diperbaiki, terutama di daerah terpencil"
59,adibaskome,"Seumpama itu mertamu masuk gang dan parkirnya didepan toko, apa harus ada biaya parkir ?","Jika tamu masuk gang dan parkir di depan toko, apakah harus dikenakan biaya parkir?"
60,gustavianooo,Aneh aneh ae. Genah SDM e sek koyok ngene og ???? kecepeten 10 taun,Itu aneh. Kenyamanan HR-nya seperti ini ???? cepat 10 tahun
61,mrluckym4n,?? Panggah Mawut,?? Pang Mawut
62,frida_jemprit,"Alhamdullilah ponorogo mulai maju ,, mending seperti ini soalnya saya sering di kasih uang 2000 tidak di kasih kembalian",Alhamdulillah Ponorogo mulai maju.
63,justt.ndyy,"@adibaskome kalo pake motor mending di bawa masuk gang ae, kalo pake mobil ya itu resikonya parkir diliat gang ??","@adibaskome kalau pakai motor sebaiknya bawa masuk gang, kalau pakai mobil apakah ada resiko parkir di gang??"
64,yoestiagustina,Yuk bisa yuuk,Ayo lakukan
65,bayu_fikri_,"@ricardo_kneff ketok e gawe kartu sih, koyo mlebu nek tol","@ricardo_kneff kayaknya bikin kartu, kaya masuk tol"
66,bayu_fikri_,"@gustavianooo jajal sek ae mas, kan mengko kenek dikaji meneh cocok opo orane metode parkir ngono iku","@gustavianooo nanti aku coba gan, nanti aku lihat cocok atau ada cara parkirnya seperti itu"
67,agungyuliyantonugroho,Sip...buat ngurangi pungli,Sip...buatnya kurang pungli
68,naawae_80,"halahh paling engko yo waleh, gek mbalik parkir biasa neh ??????","hahaha, setidaknya nanti, kenapa tidak kembali ke tempat parkir biasa??????"
69,infoponorogo,@ramangabdulazis wealah nah ngono digenahne??,@ramangabdulazis ada apa??
70,agushd_pg,@as37s7 gae latihan lurr.. Bn iso mumpuni sdm e,@ as37s7 tidak ada pelatihan
71,anjar_ao,@infoponorogo huahuahuahahahaha??,@infoponorogo huahuahuahahaha??
72,r.mas_sai,"Parkir e ojo neng pinggir ndalan, tengah"" sisan gek dipalang ne ngunu ae genio??","Jangan parkir di pinggir jalan, di tengah jalan."
73,infoponorogo,@r.mas_sai lah lah lah??,@r.mas_sai lah lah lah lah??
74,infoponorogo,@naawae_80 lhadalaaah??,@naawae_80 haha
75,infoponorogo,@agush_zheng nah hehe??????,@agush_zheng hehe??????
76,infoponorogo,@anjar_ao ????????????,@anjar_ao ????????????
77,infoponorogo,@alditawalida06_ kenal karo sing ndi??,@alditawalida06_ tahukah kamu siapa??
78,r.mas_sai,"@infoponorogo wong mlio boro kok usel""n motor mobil sak wong"" e??",@infoponorogo kenapa gak pakai motor?
79,jedar_jedor,genah eeee min sg parkir mbayar piro...mudengku koq angel menn????,Nyaman bagi saya untuk membayar berapa parkir...kenapa sulit sekali bagi saya????
80,dikadap_,Ape parkir e dadak di ruet barang??,Apakah Anda tiba-tiba parkir di jalur kargo??
81,rapi.itsunana,@sangaji_w4 parkir e mbayar nopo mboten pak,@sangaji_w4 bayar parkirnya pak
82,dwiprakoso76,@zazux_yeye setujuuuuu.hilangkan tukang parkir,@zazux_yeye setuju. singkirkan tukang parkirnya
83,road1nashwalk,Kesuwen ky pom gak kui ngko riii @nuret800,Saya minta maaf karena Anda tidak ada di sini @nuret800
84,ganalprayogo,@ramaakukuh jan ndak umom mas wkwkwk,@ramaakukuh Saya tidak tampil di depan umum
85,muhammad.kamilin,@infoponorogo slidikono min duite melbu nng ndi kae ??,@infoponorogo slidikono uangnya dari mana??
86,baguzfernanda,E-warteg gk enek to min ??,E-warteg tidak baik untuk saya??
87,sa_muel6236,Terus nek arep mbayar angsuran harian piye bos.... Nek wis ngono kui...,Dan kalau mau cicil hariannya gimana bos.... Kalau begitu...
88,infoponorogo,@r.mas_sai ??piye ta kih,@r.mas_sai ??bagaimana kamu tahu?
89,infoponorogo,@baguzfernanda byuuuh giniya?? kene apa enek lho eneme padang??,@baguzfernanda byuuuu seperti ini?? Apa yang kamu lakukan di sini?
90,infoponorogo,@sa_muel6236 lhaaaa??,@sa_muel6236 ya??
91,infoponorogo,@jedar_jedor sik aku urung parkir??,@jedar_jedor kenapa saya tidak bisa parkir??
92,zazux_yeye,@ shodaqoh ng masjid ae maton. Drpd shodaqoh tp grundel. Mslhnya brg gk oleh pakek parkir maton. Prayo malih grundel????,@shodaqoh ng masjid ae maton. Drpd shodaqoh tp kasar. Masalahnya bukan karena garasi parkirnya. Apakah kamu marah-marah lagi????
93,zazux_yeye,@ jane yo ngono karepku. Wong yo asline gk onok gunane. Parkir yo mapakne dw. Pas arep ngalih jaluk duit.,"@ jane, itu yang aku inginkan. Manusia benar-benar tidak berguna. Parkir baik-baik saja. Kalau mau ganti, minta uang."
94,dwiprakoso76,@zazux_yeye setujuuuu,@zazux_yeye setuju
95,anggamango,"Ruwet""... Kudune cah"" nom sing neng nduwur ki iso ngerteni kondisi masyarakat ponorogo nek kok terapne ngono kui iso mlaku pora.. Ojo gur golek rai dengan ide"" sing malah gawe ruwet... TULUNG OJO GOLEK RAI @infoponorogo","Rumit..Pemuda di atas seharusnya bisa memahami kondisi masyarakat Ponorogo, kenapa mereka bersikap seperti itu padahal bisa berlarian."
96,fatria_asmara_,"Tetep kudu cak cek, ben ga kesuwen nunggu ??","Masih harus dicek gan, capek nunggunya??"
97,agustk21,Tukang Parkir sing ra enek karcise 2k trus ra gelem noto ruh ruh nagih auto ketar ketir,Tukang parkir yang tidak mau tiket 2k lalu menolak menagih mobil
98,ajmln,"Penting gelem natakne motor, iso2 ngewei kerdus ben gak kepanasen motor e. Nek gur moro2 nagih duit tok gak gelem natakne motor, yo enak temen kerjone.","Penting untuk mau menghidupkan motor, agar motor tidak kepanasan. Jika Anda tidak ingin mengendarai sepeda motor jika Anda meminta uang, senang bekerja sama dengan Anda."
99,zazux_yeye,@dwiprakoso76 trus complain ng sopo ngene ki jal.... ??????,@dwiprakoso76 lalu mengeluh tentang siapa dirimu....??????
100,_dianelss,Panggon e hospot ae buk ku bingong iki kok ndadak scan2 barang to minnn??,"Dimana hostnya, kenapa tiba-tiba scan itemnya??"
101,ronaldandreass,Kesuen selak macet,Bosan terjebak
102,muhamd.maghfur,@zazux_yeye mugo2 alat e-parkir kui iso di setting (parkir kurang dari 10 menit gratis)...kejadian koyo awakmu ben ora terulang,@zazux_yeye silakan gunakan alat e-parking jika Anda bisa mengaturnya (parkir gratis kurang dari 10 menit)...itu tidak akan terjadi lagi
103,teberagil,Ksuwen??,Ksuwen??
104,alvuadu,Ayok mas @gibran_rakabuming solo digae ngunu,Jangan biarkan @gibran_rakabuming melakukannya sendirian
105,defernandaa_,@zufaraa malih dadi selebgram ngene tibake,@zufaraa kembali menjadi selebgram pada musim gugur ini
106,harymatika,"Juru parkir sing meresahkan yoiku bayar 2 ribu gak disusuki, bayar sewu gak diseberangne. Sakjane aturan parkir terbaru piro ya?",Tukang parkir yang khawatir adalah dia membayar 2 ribu dan tidak membayar 1.000. Apa aturan parkir terbaru?
107,maya.mitha,"Halah, dalan ombo"" Digae sak arah mbasan wes sak arah mek gae parkerr.. Marai macet tok ??","Halah, jalan Ombo"" Gak boleh parkir searah jalan."
108,dimasroby,"Mari iki tuku rokok utilan gae aplikasi, golek pangan wes angel, lakon dadak di ngel ngel , raine parkir wae dadak uthek hp, gathel po py","Ayo beli rokok pakai aplikasi susah cari makan, susah cari makan, susah cari tempat parkir, susah cari hp"
109,ajisetyowidodo,Mlebu toilet di gekne E-ngising,Pergi ke toilet di E-gekne
110,ervhaa17,Mempersulit tukang parkir yg sdh sepuh??,Bikin susah tukang parkir yang sudah lanjut usia??
111,dickymaulana_mtwk,"Aku datang tidak ada ,aku pergi ada - ""kang parkir""","Saya datang ke sana bukan di sana, saya pergi dari sana - ""tempat parkir"""
112,info_skandal.selebgram,"kesuwen, dulung i 2 ewu e gek langsung cus","Maaf, pertama saya mendapat 2.000"
113,pakcikpower15,"Pokok aku padamu pak/bu semerintah, arep digawe pie ae sing  ngene"" iki ttep bakalan manot ??","Saya beritahu pak/bu semerinta, saya ingin membuat kue seperti ini, apakah enak??"
114,erda_kc,Siji d kon ngno... Liane do ngaleh...,Satu hal yang salah... Yang lainnya adalah...
115,khapika_chu,@zazux_yeye poneh montor dipapane ora agek didelehne wes diparani tukang parkir nyebrangne yo ora.. biangeten,"@zazux_yeye letakkan mobil di depan, tidak mudah melihat tukang parkir melintasinya."
116,zazux_yeye,"@ haha.. Kandani kok. Kdg maune  gk onok wayah arep ngalih muncul tiba""????","@ haha.. Katakan alasannya. Saatnya bergerak, saatnya bergerak.""????"
117,zazux_yeye,"@muhamaghfur yo mugo"" ae. La nk minimal 10mnit ngono yo gpopo.bareng 5mnit ae msok yo kon byr parkir. Malah ng surya bayar parkir ng kasir. Hdeh..","@muhamaghfur ""iya"" iya. Maunya minimal 10 menit seperti itu gopopo. Setelah 5 menit, saya harus bayar parkir. Bahkan Surya bayar parkir di kasir."
118,hary.kurni4,"Setujjuuuu polll ,,,drpada baku hantam trus kro tukang parkir,,pas teko g enek sg nyambut pas arep muleh tukang parkir pdo kruyuk² teko kyo laronn","Setujjuuuu polll,,,dari awal memukul tukang parkir,,saat pulang kerja, tukang parkir pdo kruyuk² kyo kyo laronn"
119,ramangabdulazis,Ribet cuk,Ini rumit
120,dimasak_,"@infoponorogo krungu krungu pasar lanang iku ameh digae parkiran mobil ngono min, jane cocok lo kui",@infoponorogo Saya dengar pasar anak itu mau dijadikan tempat parkir mobil
121,infoponorogo,@zazux_yeye wah iya sih tapi piye ya kak? Bingungne terah?? gawa kanca wae kak kon nek motor??,"@zazux_yeye, ya, tapi bagaimana dengan Anda? Apakah kamu bingung?? ajak teman saja kalau mau naik sepeda??"
122,infoponorogo,@hana_kuifei ndaraku ya ngono ??,@hana_kuifei aku seperti itu??
123,infoponorogo,@iwan_charisma sing durung kulina??,@iwan_charisma siapa yang belum belajar??
124,infoponorogo,@hary.kurni4 meresahkan piye lur? ??,@hary.kurni4 apakah kamu khawatir? ??
125,infoponorogo,@harry_hore watduuuh lha piye penake kak??,@harry_hore ada apa?
126,infoponorogo,@ramaakukuh lah lah laaaah kok ya tekan konoooo nele piye ta kih??,@ramaakukuh kenapa kamu datang ke sini?
127,infoponorogo,"@ramangabdulazis sing durung kulina paling, penak biasa apa e parking? ??","@ramangabdulazis siapa yang belum pakai, biasanya cara parkirnya gimana? ??"
128,infoponorogo,@hary.kurni4 wkwkwkwk masa tau arep baku hantam??????,@hary.kurni4 wkwkwkwk kapan mau turun ke tanah??????
129,gendondjadoel,Lho emang yg bener begitu.. Semua parkir harus ada karcisnya.. Selama ini kalian dapat Karcis nggak pas parkir??? Lha itu duit gelap semua,Saya tahu itu kenyataannya.. Semua parkir pasti ada tilangnya.. Selama ini anda ditilang parkir? Itu semua uang gelap
130,infoponorogo,@gendondjadoel waah ini baru??????????,@gendondjadoel wow apakah ini baru??????????
131,ramangabdulazis,@infoponorogo pakku tuek min hpne 3315 gawene ngopi Ng kno ??,@infoponorogo gan hp saya 3315 kenapa mau minum??
132,zazux_yeye,La aq Karo anakq lo bos. Pdhl ankq numpak ng motor. Mlh ng surya byr parkir e ng kasir. Hdeh.. Parah.,Aku bersamamu bos. Pdhl ankq naik sepeda motor. Cuaca cerah dan parkir di kasir. Ugh.. Buruk.
133,ziyamlabela,Suwen selak mlayu liyane ??,Berapa lama untuk berjalan lagi??
134,infoponorogo,@zazux_yeye wah ?? wealah zuzah nek ngono,@zazux_yeye ya?? sayang sekali kalau begitu
135,infoponorogo,@dimasak_ wealah jare arep dadi taman terus Mall Pelayanan Public terus arep dadi parkiran malahan saiki??????lika liku pasar lanang,@dimasak_ wealah katanya bakalan jadi taman terus Mal Pelayanan Publik malah jadi tempat parkir??????
136,infoponorogo,@ramangabdulazis wealah sih ngendi nek ngopi???? ya karo kowe apa ora?,@ramangabdulazis mau minum dimana???? ya denganmu atau tidak?
137,infoponorogo,@ziyamlabela nek pama mlayu dhisik ngono piye? ??,@ziyamlabela bagaimana jika lari duluan? ??
138,ramangabdulazis,@infoponorogo Ijen gawene losss ??,@infoponorogo Ijen rugiss??
139,muhammad.kamilin,"Terus tugase kui ngko nyapo min, wes enek e-parking kok sek dilibatkan ?","Lalu tugasnya bertanya kepada Anda, mengapa Anda ingin e-parking dimasukkan?"
140,adilaarp,sangat memudahkan sekali bagi orang² yang cashless,sangat mudah bagi orang-orang yang cashless
141,infoponorogo,@adilaarp weh ngono ya kak????,@adilaarp begitukah gan????
142,infoponorogo,@muhammad.kamilin lha iku ngoperasikan alate iku sing dicekel iku lho paling ??,"@muhammad.kamilin, dialah yang mengoperasikan alat itu, dialah yang memegangnya ya??"
143,infoponorogo,@ramangabdulazis weh piye ta pak e ditokne dhewe??,@ramangabdulazis bagaimana cara mendapatkannya sendiri??
144,ulya_nur_r22,"Wong arep muleh e kok dadak antri , , tuku besin e antrine ws koyo emboh tambai kui neh","Orang mau pulang, kenapa tiba-tiba antri?"
145,melisadwi.a,@_noveliayy piye pek?,@_noveliayy apa kabar kalian?
146,infoponorogo,@ulya_nur_r22 sing tenang kak??,@ulya_nur_r22 siapa yang tenang gan??
147,infoponorogo,@melisadwi.a piye kak penak sing ndi????,@melisadwi.a apa kabarnya????
148,mast_echooooooo,Mbayangne ae ... Nek metu barang² seng teko bareng² ???? tukang parkir e kiro² polah e piye ????,Dapatkah Anda bayangkan... Jika Anda pergi keluar bersama-sama???? bagaimana kabar petugas parkir?
149,lksworo,@bagassnugrh nyekel parkir daerah ngendi mas?,@bagassnugrh dimana parkir regionalnya?
150,mast_echooooooo,@dimasak_  umpama blonjone neng kono mas...geg gowoo mobil... Trus parkir ngendi ????,@dimasak_ kayanya yang gede itu ada gan..mobilnya apa..trus parkirnya dimana????
151,alfian.ahmd,Kesuen . . . Butue ndang di geret pak ndang di sebrangne selak okeh sing ngantri gaeyanmu akeh Noto motor harang ??,"Kebosanan. . . Butu diderek pak, di seberang jalan banyak yg nungguin motornya."
152,zufaraa,@ramaakukuh beh kaget,@ramaakukuh saya terkejut
153,zazux_yeye,aq eling ngono pegel ae bos. Wes susu gk oleh malah kelangan bayar parkir kono kene??,"Saya ingat itu menjengkelkan, bos. Mengapa Anda bahkan tidak membayar parkir?"
154,tambur_ae,Gek arp d atur pye enh hemmm..,Gek arp d atur kaki enh hemmmm..
155,infoponorogo,@mast_echooooooo lhadalaaah?? mall pelayanan dudu mall blanjan??,@mast_echooooooooo lhaladaaah?? pusat layanan bukan pusat perbelanjaan??
156,infoponorogo,@alfian.ahmd ????????penak sing ndi jane kih??,@alfian.ahmd ????????
157,infoponorogo,@mast_echooooooo waduh??????,@mast_echooooooooo wow??????
158,infoponorogo,@tambur_ae dijajal paling ??,@tambur_ae paling banyak diuji??
159,muhammad.kamilin,@infoponorogo ??. Siji ae min lek iso samsat kae gratis parkir e,@infoponorogo??. Satu hal adalah ada parkir gratis
160,ramangabdulazis,@infoponorogo ak Nang Jepang min,@infoponorogo ak Di Jepang min
161,bayusimex,Gae scan QR code QRIS wae mbayar e ????,Bisakah Anda memindai kode QR QRIS untuk membayar?
162,_noveliay,@melisadwi oke deh rpp onok kemajuan????,"@melisadwi oke, bagaimana perkembangannya????"
163,anjar_ao,"Team mlipir nyimak sek , menowo isek enek celah ????","Tim mendengarkannya, tahukah Anda jika ada celah????"
164,infoponorogo,"@zazux_yeye iya sih aku ya tau og golek barang ndak oleh, ya kudu shodaqoh ?? sing sabar kak ben lancar rejekine..","@zazux_yeye ya, saya tahu cara menemukan hal-hal yang tidak dapat saya temukan, apakah saya harus membagikannya?? siapa yang sabar akan mendapat rejeki.."
165,infoponorogo,@bayusimex watduuuuh ngono ya malahan??,@bayusimex watduuuuh benarkah??
166,infoponorogo,@anjar_ao sik tos sik ??,@anjar_ao apa kabar??
167,infoponorogo,@muhammad.kamilin wah piye carane kuwi sing zuzah??,@muhammad.kamilin wow gimana zuzahnya??
168,nadarulhuda_suluhagama,"Sek...sek.... Kalau alesane ribet oke lah masuk akal, tp nek penghasilan menurun kok aneh ya. Kan maleh .............","Dek...det.... Kalau alasannya rumit, masuk akal, tapi kalau penghasilannya berkurang, kenapa aneh? Tidak apa-apa............."
169,pfs_007,@infoponorogo Biasane...nek uji coba iku bakale lanjut. Evaluasi hanya formalitas.. ?????? Negri Konoha biasane ngunu.,@infoponorogo Biasanya...sidang akan dilanjutkan. Evaluasi hanya sekedar formalitas..?????? Negara Konoha biasanya sedih.
170,reelfaiz,"Penak e-parkir. Pengalamanku bayar sesuai aturan malah kenek plilikan mripate tukang parkir, ngono ngueece karo ngguyu..arep taat aturan susyah tenan.??","Kenyamanan parkir elektronik. Pengalaman saya adalah membayar sesuai aturan, bahkan ketika tukang parkir menatap saya."
171,infoponorogo,@rezaelfaiz lhaaa??,@rezaelfaiz ya??
172,infoponorogo,@al_wildd hmm??????hehe pokok ora jotos jotosan??,@al_wildd hmm??????hehe pohon tidak meledak??
173,infoponorogo,@advokat_nadarulhuda heheh?? enek sing berpendapat soale wayah ngurusi sing arep metu 2 sing siji urung kecandhak wis mlayu dhisik mungking ngono??,@advokat_nadarulhuda heheh?? siapa yang mengira sudah waktunya mengurus mereka yang ingin keluar?
174,infoponorogo,@mast_echooooooo okeeeee????????,@mast_echooooooooo okeeeeee?????????
175,pfs_007,@infoponorogo Semoga saja. Iso dadi apike kabeh..,@infoponorogo saya harap begitu. Semuanya baik..
176,infoponorogo,@rmzlahmad.dr wah lha menurut Kadesnya gimana kak? Apakah ndak ada info awal?,@rmzlahmad.dr Kades gimana pendapatnya gan? Apakah ada informasi awal?
177,aqwam.nasimbada,@dilaga_745 po yo iso dikontrol nek manual .wkwkwk,@dilaga_745 apakah bisa dikontrol secara manual
178,aqwam.nasimbada,mugo2 dudu mung alesan nek penghasile berkurang gara2 setoran e neng dishub akeh wkwkwk,bukan satu-satunya penyebab berkurangnya pendapatan karena banyaknya simpanan di dishub
179,renataelvina,Ono ono wae saiki peraturan anyr dadak e parkir,"Oya, sekarang ada peraturan parkir baru"
180,dem_met33,Penak ra penak min,Ini nyaman bagi saya
181,_renggananda,Intine gelem maju opo mundur?,Apakah Anda bersedia untuk maju atau mundur?
182,romantriz,Parkir di PCC aja dikelola pihak ketiga ??,Parkir di PCC tidak dikelola oleh pihak ketiga??
183,muhamd.maghfur,"Jaman digital, SDM ya harus di upgrade. Tujuan pemkab memang modernisasi dan utk meminimalisir ""kebocoran"" agar PAD bertambah.","Di era digital, SDM harus ditingkatkan. Tujuan pemerintah daerah adalah modernisasi dan meminimalisir “kebocoran” sehingga PAD meningkat."
184,eline_xiandhia,"Yg jlas perlu ditertibkan jukir"" yg ngentolan... ??????Udh jlas trtulis di PERDA tarif  parkir itu brp.... Bukan seenak dia, E parkir sbnrnya bagus... Akan mudah bila udh terbiasa..... Menghindari kebocoran PAD jg... Yuk maju yuk.. Pasti bisa... PONOROGO HEBAT ????","Yang jelas ""jukir"" yg nunggu... ??????Di PERDA jelas tertulis berapa tarif parkirnya.... Gak suka, parkirnya bagus... Gampang kalau dibiasakan.... .Hindari kebocoran PAD juga... Ayo.. Pasti bisa... PONOROGO HEBAT ????"
185,muhamd.maghfur,"@rmzlahmad.dr maaf setau sy klo jalan desa masuk cover dana desa, jd lgsg tanya ke kantor desa.","@rmzlahmad.dr Mohon maaf, saya tidak tahu kalau ke desa untuk membiayai dana desa, jadi silakan tanyakan ke kantor desa."
186,rmzlahmad.dr,@rmzlahmad.dr desa nya lagi kasus masalah pungli pak..ini heran. Jalan masuk ke desa2 yg lain sudah semen semua . Kerumah saya aja yg belom..,@rmzlahmad.dr desa masih kasus masalah pungli pak.. ini mengagetkan. Jalan menuju desa lain semuanya sudah disemen. Rumahku tak sama..
187,rmzlahmad.dr,@muhamd.maghfur saya bukan asli sini. Br 3 bulan pindah ktp dsni. Sprtinya org disini pasrah2 saja..ini udh bertahun2 gada perubahan sm sekali,@ muhamd.maghfur Saya bukan dari sini. Sudah 3 bulan sejak saya pindah ke sini. Orang-orang di sini menyerah begitu saja
188,rmzlahmad.dr,@infoponorogo info awal sejak sblm pandemi. Katanya mau dibangun. Sampai sekrg blm ad perubahan sm sekali..,@infoponorogo informasi awal sejak sebelum pandemi. Katanya sudah dibangun. Sampai saat ini belum ada perubahan..
189,clpt.gtgg_,"Manual tech ,, dadak gae noz barang","Teknis manual, tiba-tiba saya tidak tahu apa-apa"
190,clpt.gtgg_,Giegerno ae ????,Giegerno ????
191,nizarkurangturu_,@infoponorogo bolak balik minn??,@infoponorogo bolak balik??
192,gusrori1,Jane lk podo bingung mending mlaku ae.,"Jane, aku bingung, aku mau jalan."
193,septianpamungkas.png,@infoponorogo blas ketoke min ??,@infoponorogo blas mirip dengan saya??
194,septianpamungkas.png,"@infoponorogo isone mung ngewangi dungo, pomo gawe E mugo ae bayare kang parkir iso d susaikne walaupun gk se agal pas gk gwe karcis ??","@infoponorogo sekedar bantu, gimana bisa bayar parkirnya padahal lumayan kalau gak punya tiket??"
195,hantoro_krista,??menolak karena penghasilannya gak besar lagi (kelong akeh),??menolak karena penghasilannya tidak besar lagi (banyak kerugian)
196,angry_bud,"Iso lah, jaman semakin berkembang. kabeh2 serba elektronik. Jd yo kudu adaptasi","Itu saja, zaman semakin berkembang. semuanya elektronik. Anda harus beradaptasi"
197,dwi_yulia,Penak e-parkir.. bayare parkir murah min,Parkir elektronik yang nyaman.. biaya parkir rendah min
198,mohamadaxel,"enak e - parkir aja, apalagi biasanya ada tukang parkir yg ga ngapa"" in ehh minta uang wkwk","Ada baiknya jangan parkir, apalagi kalau biasanya ada tukang parkir yang tidak keberatan meminta uang"
199,anang_pr19,"Wes kono"" lurr, piye karepe","Wes disana"" lurr, maunya gimana"
200,arkhasewandono,"Jukir nolak e-parkir kene yo nolak m-parkir, podo nolak e akhire gk sido mbayar ??????","Jika Anda menolak e-parking, Anda dapat menolak m-parking."
201,ajudannnn,"Klo memang alasannya berkurangnya PAD daerah, pasang aja banner foto dan viralkan jukir yg tidak memberi karcis udah gitu aja jukir ketar ketir. Daripada ribet pake elektronik. ????","Kalau alasannya karena berkurangnya PAD di daerah, jangan pasang spanduk – foto dan viralkan jukir yang tidak kasih tiket – itu saja, jangan khawatir. Daripada menggunakan elektronik. ????"
202,ajudannnn,@ajudannnn alasannya kan emang karena selama ini jukir setor uang ke pemda gak sesuai target. Mana kemarin ada yg matok 15k per mobil waktu lebaran,@ajudannnn alasannya karena selama ini saya menyetorkan uang ke pemda tidak sesuai target. Kemarin ada yang bayar 15rb per mobil saat lebaran
203,karya_dx,"@dilaga_745 kyok sistim di gacoan sama Surya swalayan bayar parkirnya di kasir, agar tidak ada KEBOCORAN, tarif e Podo, tur ora dislewengke..","@dilaga_745 Kira-kira sistemnya sama dengan parkir swalayan Surya, bayar parkir di kasir biar gak KEBOCORAN, ratenya Podo, dan gak disalahgunakan.."
204,sinyo_permana,"@dilaga_745 jangan seribu bro,gua parkir mobil gua kasi 10ribu gua kira dikasi kembalian e malah kabur,mending sistem langsung masuk kas daerah","@dilaga_745 gak bayar seribu gan, saya parkir mobil karena 10 ribu, kayaknya bakal dapat refund dan malah gak jelas, sistem langsung masuk ke kasir setempat"
205,ruvizuana,"Lek kangelan gae alat elektronik, ben digenteni cah2 ae pak, iki wes akeh cah lulusan anyar podo nganggur","Ada masalah alat elektronik mohon diganti pak, banyak lulusan baru yang menganggur."
206,infoponorogo,@ruvizuana lhadalaa ??,@ruvizuana lhadalaa??
207,dilaga_745,@karya_dx la itu lebih baik,@karya_dx itu lebih baik
208,karya_dx,"@sinyo_permana kyk gak ikhlas GT ya, terkesan maksa kyk maling, kalo di BCA saya kasih 2rb masih dikasih kembalian 1rb, kalo ditempat lain sekitaran HOS Cokroaminoto itu sering gak dikasih kembalian, bahkan saya pernah di daerah Balong dikasih 2rb jg ga dikasih kembalian,","@sinyo_permana sepertinya gak ikhlas GT, berasa bayar maling, kalau di BCA saya kasih 2rb tetap kasih 1rb, kalau di tempat lain sekitar HOS Cokroaminoto sering gak balikin, saya pun' pernah ke daerah Balong saya sudah diberi 2k dan mereka tidak mengembalikan saya,"
209,sinyo_permana,"@karya_dx ini bukan masalah ikhlas gag ikhlas,tp masalah kejujuran.... PERDA dah ngatur tarif parkir masa tukang parkir dikasi 10ribu gag ngasi kembalian???????? makanya dibuat elektronik supaya kerja itu sesuai SOP yg ada????","@karya_dx ini bukan soal ikhlas, ini soal kejujuran... PERDA sudah mengatur tarif parkir ketika juru parkir dikasih 10.000 untuk bayar????????? makanya dibuat elektronik supaya berfungsi sesuai SOP yang ada????"
210,karya_dx,"@sinyo_permana bukan GT bro mksd q ak kalo mtor dikasih 2rb diem aja pdhal dtmpat lain 1rb diem/ klo 2rb masih ad yg mau ngasih kmbalian, rasanya kyk gak ikhlas GT lho, berasa dipalak aja,,kalo saya setuju dibuat satu tarif aja buat yg dipinggir jalan","@sinyo_permana itu bukan GT gan, kalau dikasih 2.000 per diem, jangan kemana-kemana lagi, 1.000.000 per diem/ kalau 2.000.000 orang masih mau balikin sepertinya GT gak ikhlas, rasanya aku' Saya ditipu, kalau setuju, buatkan satu tarif saja untuk di pinggir jalan"
211,ayubsimone,Tiwas e parkir neng hos cokroaminoto mending e parkir e dikekne pasar legi lk luwih cocok,Lebih cocok parkir di tuan rumah cokroaminoto
212,super_keju21,Panggah wong cilik seng di gae susah.. ????????,Sulit bagi orang kecil..?????????
213,kapringga,Mesti lek gae aturan terlalu mendadak dadi keteteran opo meneh wong tuek umur 50th wes gak nutut,"Mungkin karena peraturannya terlalu mendadak untuk ditegakkan, atau orang-orang berusia 50-an tidak mematuhinya"
214,singgih_dwi_hs,"Bagusan e parkir, dana yg masuk bisa maksimal, tp klau lhat tren pemerintah saat ini uang2 dr pendapatan pajak rawan d gunakan oknum2. Jd sama aja intinya uang nya gak tau kmana??","Bagus untuk parkir, uang yang masuk bisa maksimal, tapi kalau melihat tren pemerintah saat ini, uang dari penerimaan pajak rawan dimanfaatkan oleh swasta. Intinya tau gak uangnya dimana??"
215,tuludnah,"""Mengurangi Penghasilan""? ???????? ketoro jukir nakal",“Mengurangi Pendapatan”? ???????? nakal
216,rdwnardian_,Tukang parkir paling parah sekitar alun2.. ?? Pilih parkir motor bayar 5000 opo ngaleh? Ra gelem ngalih o.. piye lo kiih,Tukang parkir terburuk di sekitar alun-alun..?? Apakah Anda memilih membayar 5000 untuk parkir motor? saya bersedia pindah o.. bagaimana caranya?
217,davidferdy,@dilaga_745 mambengi 3000 sak motor neng festival lur??,@dilaga_745 mengendarai 3000 sepeda motor di festival??
218,infoponorogo,"@septianpamungkas.png iki mulai pakai karcis, nek sadurunge manualan akeh sing ora ta masaku apa kabeh mandaran? ??","@septianpamungkas.png mulai pakai tiket, kalau sebelum manual banyak yang gak sempat kenapa mandaran semua? ??"
219,infoponorogo,@bgsskw okeeee kakak semangat??,@bgsskw okeee semangat abang??
220,infoponorogo,"@fatkurphotography wis ora melu, saiki sing ngurusi kancane Roy karo anak buahe Agus Yayat??","@fatkurphotography belum ikut, sekarang siapa yang menjaga teman Roy dan anak buah Agus Yayat??"
221,infoponorogo,Oke siaaap?????? nah ngono tertib??,"oke, apa kabar?????? apakah itu beres??"
222,nunu.sgt,"Aq pilih elektronik ae min... wis males ngadepi jukir² sg diwei sewu ditampani, diwei rongewu ra dijujuli?? . Ayo pak dishub @dishubpng galakkan e-parkir aja","Aq pilih elektronik, ae min... Aku malas menghadapi jukir² padahal aku sudah diterima seribu orang, dan aku dipuji dua ribu orang?? . Ayo Pak Dishub @dishubpng dorong e-parking"
223,infoponorogo,"@nunu.sgt okeee awakmu tim elektronik ya kak, ben tertib ya??","@nunu.sgt oke, kakak tim elektronika, tertib??"
224,fakhmiky,"Sek proses luurr jenenge perubahan jaman kabeh kudu siap dan beradaptasi, e-parkir sy sangat setuju disatu sisi jelas muaranya dan tdk ada pengentolan harga parkir??","Kalau namanya proses perubahan jaman semua harus siap dan beradaptasi, e-parkir saya setuju sekali di satu sisi muaranya jelas dan tidak ada penurunan harga parkir??"
225,ryssangpratama,"Minn , menawii dirimu ngerti , dalan ngarep omahku kokk di wenehi plang e DISHUB , kiro2 sementara opo selawase yaa minn ... Lokasi RSU MUHAMMADIYAH tambak bayan ngulon minn","Minn kalau tau jalan depan rumahku dikasih tanda DISHUB, itu sementara atau selamanya?"
226,dilaga_745,@infoponorogo mending parkir manual tapi bayar e tetep 1000 di seluruh parkiran se kab  ponorogo,@infoponorogo boleh parkir manual tapi tetap bayar 1000 di semua tempat parkir di kabupaten Ponorogo
227,tofan.ts,"Perlu di garis bawahi dan di tebali *Mengurangi Penghasilan*, ya klo memang niat pakai e-parking mbok iyo to jukir di bimtek, di latih, ben gak bingung.","Perlu digarisbawahi dan ditekankan *Mengurangi Pendapatan* ya, kalau memang niat pakai e-parking sebaiknya di bimtek, dilatih jangan bingung."
228,infoponorogo,@fakhmiky naaah ????benul.. wis jajal e-parkir durung kak? ??,@fakhmiky naaah ????benul.. udah coba e-parking belum gan? ??
229,ryo_shikamaru,"Mergone nek parkir eletronik, kertase ora iso dirubah 2000 jadi 3000 ??????",Kenapa kalau parkir elektronik kertasnya tidak bisa diganti dari 2000 menjadi 3000 ??????
230,ika_jauhar,Enak pakai e parkir kayakny,Senang menggunakannya di tempat parkir
231,infoponorogo,@ryssangpratama mulai kapan kak pasange?,@ryssangpratama kapan Anda mulai memposting?
232,infoponorogo,"@dilaga_745 nah ngene jane ya masuk wae lur, tapi ya piye jare jalarane merga enek sing ngenthol barang ki komen dhuwur kunu mau.. gari gelem tertib tarife ora? ??","@dilaga_745 Baiklah, Anda boleh masuk, tapi bagaimana Anda mengatakannya karena Andalah yang membeli barang yang Anda komentari begitu tinggi. ??"
233,ryssangpratama,"@infoponorogo kurang paham niku minn , sing jelas enjing jam2 8.an dereng kepasang , lhaa sonten niki wau kokk mpun entenn rambu stop s DISHUB","@infoponorogo Gak ngerti, yang jelas baru nyambung jam 8 pagi, ngapain nunggu tanda berhenti DISHUB malam ini?"
234,infoponorogo,"@tofan.ts kayane ya wis diwenehi lur, ya paling butuh waktu penyesuaian.. ya muga muga isa lancar lah..","@tofan.ts sepertinya sudah diberi lur, tapi perlu waktu penyesuaian.. semoga lancar.."
235,infoponorogo,@ryo_shikamaru lhadalah iki anu nek iki??,@ryo_shikamaru apa ini??
236,infoponorogo,@ika_jauhar siaaap.. awakmu tim elektronik ya kak? ????,@ika_jauhar siaaap.. tim elektronika gan? ????
237,_anandaayuu__,"jane e-parkir i cocok e gae lahan seh enek tempat khusus parkir koyo mall, toserba utowo pasar, lek di peruntukan gae lahan parkir terbuka/pinggir ratan i kurang cocok soale mesti ribet, tp lek manual ya sek akeh jukir seh nakal. mboh lah bingung","jane e-parkir cocok untuk tempat parkir khusus seperti mall, convenience store atau pasar, namun tidak cocok untuk tempat parkir terbuka/di pinggir ratan. Saya tidak bingung"
238,infoponorogo,@ryssangpratama rekayasa lalin kayane ya? Apa enek acara ning jalan alun alun sih lor iku ben lancar ngono..,@ryssangpratama rekayasa pelupa ya? Apakah acara di jalan Alun Alun berjalan lancar?
239,infoponorogo,@_anandaayuu__ hooh sih bener... lhaaaa dadi awakmu tim manual apa parkir kak??,@_anandaayuu__ hooh beneran... lhaaaa jadi tim manual parkirnya gimana gan??
240,ryo_shikamaru,"@infoponorogo tau ngerti to duit 2000, 2 ne dicoret dadi 3000 ??",@infoponorogo tau gak uang 2000 dicoret 2 jadi 3000??
241,infoponorogo,"@ryo_shikamaru tau tapi lali nggone, ngendi lur sing kaya ngono wi??","@ryo_shikamaru Aku tahu tapi lupa dimana, dimana??"
242,abyanep,@nizarkurangturu_ @musyaffa_89 mbenjeng,@nizarkurangturu_ @musyaffa_89 besok
243,pfs_007,Enak E-Parking,Nikmati E-Parkir
244,ika_jauhar,@infoponorogo iyass??,@infoponorogo kan??
245,musyaffa_89,@abyanep rodok bahaya lek Iki,@abyanep ini tidak terlalu berbahaya
246,infoponorogo,@ika_jauhar okai kak??,@ika_jauhar oke gan??
247,infoponorogo,@abyanep awakmu tim apa kak manual apa elektronik??,@abyanep tim mana yang manual atau elektronik?
248,infoponorogo,@musyaffa_89 banaya piye kak??,@musyaffa_89 apa kabarnya kawan??
249,infoponorogo,@al_wildd oke awakmu tim elektronik ya kak? Alesane apa kak? ??,@al_wildd oke kamu tim elektroniknya gan? Apa alasannya? ??
250,syahrulsatriaw,kono kono aturen penting ra mangan gapuro,itulah mengapa penting untuk makan gapuro
251,nizarkurangturu_,@infoponorogo @abyanep iki lo min seng gaene parkir ng sekolah tapi lek mbayar mbenjeng mbenjeng ae,@infoponorogo @abyanep Saya tidak mau parkir di sekolah tapi harus bayar
252,infoponorogo,@syahrulsatriaw byuh gapura ngendi iki??dadi pilih manual apa eletronik no??,@syahrulsatriaw ini gerbangnya dimana?? jadi pilih yang manual atau elektronik??
253,musyaffa_89,@infoponorogo wes gaiso parkir liar neh min pak parkire??,"@infoponorogo, mau parkir ilegal?"
254,infoponorogo,@nizarkurangturu_ weh masa cash bon ????,@nizarkurangturu_ saatnya mendapat uang tunai????
255,infoponorogo,@musyaffa_89 wehehe salah siji alesane enek e parkir kayane iku kak??,@musyaffa_89 Menurutku itu salah satu alasan kenapa kamu parkir?
256,pfs_007,"@infoponorogo Iki sak eroh ku lo ya teko kuto sing wis ono E-parking. Gak ribet pembayarane soale g atek duwek, ngetap kartu, luwih higienis. Luwih tertib pembayarane soale tertera area ne. Ugo tukang parkir penghasilane luwih iso dijagakno, soale digaji/bln. Aku paham karepe, Podo² enake antara Awake dewe pemakai jasa parkir, jukir  lan pemkab. Masalahe saiki, PONOROGO  wis siap tah gawe ngelaksanakno???. Sosialisasi opo wis masyarakat kabeh ngerti???. Gawe rambu ae dadak sik ngenteni kejadian, Marka jalan akeh sing durung dibenah (Garis hilang/pudar). Owalah... Ojo grusa grusu..!!!..","@infoponorogo Ini teman saya yang punya E-parking. Ga ribet bayarnya karena gak punya sendiri, tap kartu, lebih higienis. Lebih tertib dalam membayar daerah tersebut. Selain itu, tukang parkir mempunyai penghasilan yang lebih baik, karena dibayar/bulanan. Saya mengerti apa yang anda inginkan, Podo² baik antara kita sebagai pengguna jasa parkir, jukir dan pemerintah kabupaten. Masalahnya sekarang, PONOROGO siap melaksanakannya???. Apakah sosialisasi sudah diketahui seluruh masyarakat???. Membuat rambu secara tiba-tiba sambil menunggu kejadian, banyak rambu jalan yang belum diperbaiki (Jalur darat hilang/pudar). Ubahlah... Jangan marah..!!!.."
257,ragasugeng88,@infoponorogo agus yayat kecekel silop min,@infoponorogo dan yayat menangkap kesalahan saya
258,mast_echooooooo,Panggah penak manual ???? sat set ...,Bagaimana cara menggunakan manualnya???? duduk set...
259,infoponorogo,@ragasugeng88 hooh kan parkiran enek 2 panggon siji dicekel kancane roy sijine dicekel anak buahe gawane Agus,"@ragasugeng88 heh, parkirannya ada 2, satu dipegang teman Roy, satu lagi dipegang anak buah Agus"
260,infoponorogo,@infoponorogo ????,@infoponorogo????
261,infoponorogo,@mast_echooooooo okeee awakmu tim manual ya lur??,"@mast_echooooooo oke, kalian tim manual kan??"
262,infoponorogo,"@al_wildd naaaaah iku sik uji coba, bakale dievaluasi sik??","@al_wildd naaaaah ini uji coba, apakah akan dievaluasi??"
263,febrybiwara,"Eh sik sik kok pengahasilane kurang ya,,bukane wes digaji to min..kok kurang paham ak","Eh sik sik, kenapa penghasilannya sedikit?"
264,infoponorogo,@febrybiwara lha kuwi sik uji coba lak sik bagi hasil kayane,"@febrybiwara, ini hanya tes, saya akan membagikan hasilnya"
265,mosya_90,"Penak ke nk parkir Ra sah bayar...trus jukire digaji pemerintah ngono ,,????????","Nyaman parkirnya Ra, bisa bayar.. trus dibayar pemerintah,,????????"
266,rmzlahmad.dr,Min..kalau mau lapor ttg pembangunan jalan didesa saya gmna ya min..saya tinggal di sawoo. Cuma desa saya aja yg gak di bangun jalan nya. Desa lain sudah dbangun semua..,"Min..kalau mau lapor tentang pembangunan jalan di desa juga boleh, min..Saya tinggal di Sawoo. Hanya saja desa saya belum membangun jalan. Desa lain semuanya telah dibangun.."
267,mast_echooooooo,@infoponorogo  aq bolone tukang parkir ????,@infoponorogo itu tukang parkirnya????
268,tatik_mujiarti,"kalo bisa di persulit kenapa harus di permudah ??, auk ah elap",kalau bisa dipersulit kenapa harus dipermudah??
269,ramangabdulazis,Kampungan ??,Desa??
270,marissasr_,@alistaavs bos berek,@alistaavs bos barak
271,andika.dbh,"Teknologi melebihi akal sehat, 2023 ngurus surat2 nek kantor deso ae kon foto copy E-KTP kog parkir pake ELEKTRONIC @ponorogo.update","Teknologi Melampaui Akal Sehat, 2023 Urus Surat di Kantor Pedesaan Kalau Punya Foto Copy E-KTP Nanti Saya Parkir Pakai ELECTRONICS @ponorogo.update"
272,ragiel_mangku_langit,Mugo ae nek khilangan di tmpt parkir bisa di ganti 100% hehe,Semoga kalau hilang di parkiran bisa diganti 100% hehe
273,arin9499,Maleh gk minat dolan rno min .  @ponorogo.update,Aku tidak tertarik mengunjungimu.  @ponorogo.update
274,herysusantu,Ngurusi urusan sing gak urgent,Menangani hal-hal yang tidak mendesak
275,nadflix.jv,r ndwe e money,saya punya uang
276,optik_tasikmalaya,Lama lama kembali lagi ke manual,Sudah lama sekali sejak saya kembali ke manual
277,erikwahyudy,Semangatt ??,Antusias??
278,eline_xiandhia,@yogiiprapmito nah tu dia.... ??????????? klo ga ditindak lanjutin ga adil kan,"@yogiiprapmito itu dia... ??????????? Kalau tidak ditindaklanjuti, tidak adil"
279,hanifahlayli,Aku luweh ikhlas duit sewu rongewu nggeh kang parkir. Tinimbang diakali wong nduwuran sing eneeeng ae carane gawe proposal alat e-parkir ben amrih cair dana ne. ?????????,"Saya rela mengeluarkan uang seribu dua ribu untuk parkir. Daripada ditipu oleh orang yang tahu cara membuat proposal alat e-parking, lebih baik cari uangnya. ?????????"
280,zazux_yeye,Pendapatku tetep penak parkir gratis.,Pendapat saya tetap kenyamanan parkir gratis.
281,dikaambarani_baru_tahun_2000,Alhamdulilah Semangat Gak Belum Bayar E_Parking Mulai kalo ada baiklah Boleh Lihat Siapa Itu Terus Lama lama banyak Terimakasih Waalaikumsalam,Alhamdulillah Semangat belum bayar E_Parking. Kalau ada bisa dilihat siapa saja. Terima kasih Waalaikumsalam
282,adityaanakbaik_,Nyuen nyuen i lakon,Nyuen nyuen aku lakon
283,humairasyaharani,Pendapat ku apik lor mergo ben ora hasil dr prkir bisa langsng disetor ne nge apbd ngo bangun2 op kono ben ponorogo luweh maju dlm segla hal,"Pendapat saya bagus, karena saya tidak mendapatkan hasil apapun dari proyek tersebut, saya bisa langsung menyetorkannya ke apbd untuk membangun op."
284,ari_plastik,"Tuku alat modern bisa, jalanan berlubang nambal gak bisa. ??","Anda bisa membeli peralatan modern, Anda tidak bisa memperbaiki jalan berlubang. ??"
285,alistaavs,@marissasr_  ebesss,@marissasr_ ebesss
286,rudhie_xa,@verane_imam dadi netizen tenan saki wani ngritik.wkwk,@verane_imam adalah netizen yang berani mengkritik.wkwk
287,verane_imam,"@rudhie_xa ???? lawong pegel lo aku mas,","@rudhie_xa ???? Aku marah padamu, kawan"
288,rudhie_xa,@verane_imam lanjutkan ??,@verane_imam lanjutkan??
289,didik_wijaya,"kokean tetek bengek ra karu""an... kok sek menak jaman bien rono rene cepet.... ora macet ora ubeng""an","kenapa sibuk sekali..kenapa cepat sekali kalau ke jaman dulu.... gak stuck, gak muter-muter"
290,regytaaprylia,@yogiiprapmito parkir gacoan sih uanehhhhh muesti ga enek uang kembalian muesti ??,@yogiiprapmito parkir di gacoan harus refund??
291,ekomentaro,"@verane_imam 2000py,akeh kae sing 5000/10000","@verane_imam 2000py, banyak yang 5000/10000"
292,ekomentaro,"@mutiaraya__ lahan kusus,ne kota lahane kusus rodok angel,kakean omah dll,gelem py parkir Ombo neng lapangan kodim,trs acarane neng alun2??????","@mutiaraya__ tanah khusus, di kota, tanah khusus lebih sulit, karena rumah dll, bersediakah Ombo parkir di lapangan kodim, karena acaranya di alun-alun??????"
293,verane_imam,@ekomentaro yoo diomongii aturane 1000 lo pak . Nek gak ngnu karo muleh butuhw diwei 5000 . Masaku ket jaman disek yo tekan 5000 parkire .,"@ekomentaro akan diberitahu aturannya 1000 pak. Jika Anda tidak tahu cara pulang, Anda harus membayar 5000. Waktu saya di dorong hingga mencapai 5000 tempat parkir."
294,ekomentaro,"@add_zim kesel ngangkuti,ngko biaya neh,tukang angkut2","@add_zim capek angkut, berapa biayanya transporter"
295,ekomentaro,"@verane_imam diomongi jawabe(lione Yo limang ewu,lak Ra gelem bayar,Ojo parkir ne kene)py trusan","@verane_imam dikasih jawabannya (singanya lima ribu, saya bersedia bayar, jangan parkir di sini)"
296,verane_imam,@ekomentaro 5000 kan jga tidak setiap hari mungkin pas waktu ada acara . Nek sya yo maklum wong trah gowo mobil / motor tak lempit yo gk kenek mas . ?? maaf hnya berpendat,"@ekomentaro 5000 tidak setiap hari mungkin kalau ada acara. Kalau tahu mobil/motornya tidak kompak, tidak akan bisa menabraknya. ?? maaf karena pendek"
297,verane_imam,@verane_imam berpendapat,@verane_imam berpikir
298,ekomentaro,"@verane_imam aji mumpung to Mak,trs gunane perda(bisa diubah trgantung sikon)gt to","@verane_imam aji mumpung ke Mak, itu pakai hukum (bisa berubah tergantung situasi)."
299,verane_imam,@ekomentaro trus selama ini kemana saja mas aturan perda itu sudh lama tapii kenapa masih di urus sekrg . Percuma kalau kita parkirnya dilahan pemilik cnth didalam pizza hut apa iya mau bilang aturan perda la kalau yang punya lahan la ini tempatku lo mas sya yo bayar pajak  Koyo gk ngerti wong ponrogo ae mas . Ibarat akua hari biasa 2000 aji mumpung kadang yo didol 5000 . ????,"@ekomentaro dan selama ini aturan Perdanya dari dulu mana, tapi kenapa sekarang masih diurus? Gratis kalau kita parkir di tanah pemilik di Pizza Hut, mau kasih tahu aturan hukumnya, kalau pemilik tanah itu tempat saya, dia akan bayar pajak. Ibaratnya saya bernilai 2000 di hari biasa, kadang dijual seharga 5000. ????"
300,ekomentaro,"@verane_imam tujuan dr postingan Iki mau Yo iku(e_parkir)utk LBH menertibkan parkir,JD jgn mikire(Halah mandak rong ewu ae kok,La 2000 x Lo,opo neh sing 5000 x,brapa kali lipat ....sdgkan yg kekota itu ora mesti arep ne alun2 tok,kadang arep tuku klambi(PO neh pas bodo)dilok neng toko A,toko B,toko C,neng alun2(Mergo gak cocok pakiane/piliane dll)La kui ws muni Lo parkire,kadang mulih Sik rung oleh opo sing digoleki,muk bayar2 pkr aja..??????????","@verane_imam maksud postingan ini adalah (e_parkir) untuk LBH mengatur parkir, JD gak usah mikir gak usah ke alun-alun, kadang mau beli baju (POnya bodoh) pergi ke toko A, toko B, toko C, ke alun-alun (Ada yang tidak sesuai dengan pakaian/pilihanmu, dll.) Dan jika kamu memanggilku untuk parkir, kadang-kadang kamu pulang, apa yang kamu cari, silakan bayar? ????????"
301,verane_imam,"@ekomentaro e parkingo yo tetep mbayar mas . ?? marai ya iku lo mas fikirane wong bedo bedo mas . Pomokno ke tok a b c d sampek z urung temu bajune yo tetep bayar 1000 peng, intine dilempit mawon mas kendraane ????","@ekomentaro e parkingo tetap bayar mas. ?? itulah cara orang berpikir. Kenapa tidak ke toko a b c d sampai bajunya tidak ketemu, tetap harus bayar 1000 peng, intinya di lipat, mobilnya apa?"
302,irvanwahyuuu_,Pake e-money aja tinggal tap gitu kan enak atau bisa pakai qr code,"Kalau pakai e-money tinggal tap saja, bagus atau bisa pakai qr code"
303,ekomentaro,"@verane_imam loh,La Ra byr Ki py,????dg eparkir,(mungkin akan LBH trtib lagi,lak bayar 2000 Yo 2000,Krn wis dideteksi Ama mesin tsb(mungkin Lo ya????","@verane_imam haha, La Ra byr Ki py,????dg eparkir, (mungkin LBHnya akan disortir lagi, saya bayar 2000 atau 2000, karena sudah terdeteksi mesin (mungkin Lo ya????"
304,verane_imam,@ekomentaro ???? belum tentu mas . Merka yang punya lahan sendiri yo bisa mengUPkan biaya parkir lo. Contoh hari raya poper . Luwes . Pcc itu semua punya lahan sendiri . Ya kalau mereka juga aji mumpung ???? intinya smga dilncarkan riskinya semua bisa sedekah lewat parkir 1000 rupiah . daripada diwehne wong nga**n ngnu diwei 1000 sek nesu parkir 2000 ora mbok wei susuk mesti muni matursuwun opo meneh seng mbok wei mbah mbah tuwk mesti ditambah ngantos ngatos mas mbak .,"@ekomentaro ???? belum tentu kawan. Bagi yang punya tanah sendiri bisa membayar biaya parkir. Contoh liburan poper. Fleksibel. PCC semuanya punya lahan sendiri. Ya, apakah itu juga berharga ???? intinya untuk melepaskan resiko, semua orang bisa berdonasi melalui tempat parkir sebesar 1000 rupiah. dari pada dikasih 1000 sama orang yang marah sama parkiran, malah 2000 aja yang dikasih."
305,noxers.noxx,Laah lah tonggo ku ngono kok an,Itu sebabnya saya seperti itu
306,dicko_armadona27,Cocok,Sesuai
307,sate_gule_kambing_bhayangkara,Alun alun juga ya d kasih e parkir,Alun alun juga memiliki tempat parkir
308,ekomentaro,"@verane_imam yg punya lahan ndiri kok dibahas,kn yg dbhas td ttg etilang,ya jls yg ada hubnya dg Pemda Wak,misalnya Yo parkir ne jln hos/alun2,","@verane_imam yang punya tanah disini kenapa dibicarakan, karena yang dibicarakan tidak ada kaitannya ya, yang ada hubungannya dengan Pemda Wak, misalnya Yo parkir di Jl."
309,noismaaa,@ekomentaro sepemikiran???? request diluar nalar bmkg,@ekomentaro berpikir???? permintaan diluar alasan bmkg
310,noismaaa,"@awang_medyna10 anu e mas parkir ng lapangan nko mlaku ng gon tujuan e puenak ???? requestmu diluar nalar bmkg, lahan e ndak ono full omah","@awang_medyna10 siapa yang parkir di lapangan atau berjalan kaki menuju tujuan? Permintaan anda di luar nalar bmkg, tanahnya tidak full house"
311,triendahokta,"@yogiiprapmito setuju,opo meneh sing gaene blojo bahan kadang toko satu & satune kosong pindah toko liyane,sik kas sak nyuk an ae parkir padahal barang sing di goleki durung oleh??","@yogiiprapmito setuju, apa gunanya beli bahan kadang satu toko & satu lagi kosong, pindah ke toko lain, harus bayar saat ke parkiran padahal belum menemukan barang yang dicari? ?"
312,yunizu54,"@yogiiprapmito rasa"" nya mau pindah negara??, tapi gimana caranya??","@yogiiprapmito Rasanya ingin pindah ke negara lain??, tapi bagaimana caranya??"
313,chandraperdanputra,@mutiaraya__ dari pada ribet komen ndk msuknakal mending diam saja.,@mutiaraya__ dari repotnya berkomentar dan msuknakal diam saja.
314,hr_kenn,sui sui kno E Toilet barang iki ngko??,sui sui kno E Toilet apakah ini?
315,nabilaputri4097,@hallondhy mbok ngono Ojo bawa uang banyak2 mbk di siap in 2ribu aja,"@hallondhy mungkin begitu. Jangan bawa uang banyak, mungkin yang 2 ribu sudah siap"
316,istaurini27,Fungsi trotoar untuk pejalan kaki mana pak  kok semua angkringan,Apa fungsi trotoar bagi pejalan kaki?
317,sugenghidayat12,Jukir jenenge berek ngasi bingung kwi Lo..diwarai ngasi Isa.. ????,Nama Jukirnya Berek dan aku bingung disini Lo.. Diwarai Isa..????
318,algaaarion,Bayare tetep gae tunai min?,Apakah Anda masih membayar tunai?
319,srimaharani2930,Maar nih melenceng dari topik info obat penghilang strechmark???,Maar apakah ini melenceng dari topik info obat penghilang strechmark???
320,eka_andriana85,Ya Allah..,Ya Allah..
321,ridwanardiansah,"Sing penting nek parkir mobil gede opo truk yo di pikir kancane no, ben ora ngebek i dalan ngono kae ????","Yang penting kalau parkir mobil atau truk besar teringat temanmu, jangan berhenti di jalan seperti itu????"
322,denikochi,"La ngono kwi mbayare pie ?...
Moso ws gae alat kyo DC mbayare sik manual..yo podo ae boong dong..sak ora2.ne gae kertu","Itu sebabnya saya membayar kuenya?...
Tidak memiliki alat DC untuk membayar secara manual."
323,ayokkoya,"E-til ae mbalik manual,kok malah njajal liyane????","Sampai saya mengembalikan manualnya, mengapa saya mencoba yang lain????"
324,herypurnama88,Wes ketebak endinge...,Kira-kira endingnya...
325,lilikteja,@srimaharani2930 cobain deh mba produk dari @solutionstrechmark.id ampuh banget say produknyaa saya juga strechmark parah setelh pemakaian rutin ga strechmarkan lagii deh mba,"@srimaharani2930 coba produk dari @solutionstrechmark.id manjur banget, saya juga punya stretch mark yang parah setelah pemakaian rutin, stretch mark sudah tidak ada lagi bu"
326,gendondjadoel,Harus... E Parking itu keharusan,Harus... E Parkir adalah suatu keharusan
327,hallondhy,Di dpn dan sebrang pizzahut pernh parkirmobil 10 rb g disusuki. ??,Depan dan seberang pizzahut ada tempat parkir mobil seharga 10 ribu. ??
328,fatmaannisaaa,Sip lanjutkan,Lanjutkan sip
329,aldhebilla,@lilikteja emang beneran ampuh nih mba? Udah bpom mba nihh?,@lilikteja apakah ini benar-benar ampuh? Sudahkah kamu melakukannya?
330,miyano_sherry21,@gustavianooo hla iyo lo...po meneh jukir e sing tuwo² ..contone bapakku..piye trus an ????,@gustavianooo hla iyo lo...bagaimana dengan yang lebih tua..misalnya ayahku..gimana????
331,celine_itssclinee,"yang udh tua bgaimna dong,ksiann ga ngrti gituan??","apa itu yang lama, apa kamu tidak mengetahuinya??"
332,taufabella,"iyes...setuju biar biaya parkir itu tarifnya jelas,kadang gak dikasih kembalian","ya.. Saya setuju kalau biaya parkirnya tarifnya jelas, kadang tidak dikembalikan"
333,rahmawati_nursya,@aldhebilla iyaa Iya mba tentu saja sudah bpom dan  bisa ampuh nih soalnya saya juga strechmark bekas lahiran bisa hilang & memudar ketika pakai produk dari @solutionstrechmark.id,"@aldhebilla iyaa Iya bu, pastinya sudah bpom dan bisa efektif karena saya juga punya tanda lahir yang bisa hilang & pudar jika menggunakan produk dari @solutionstrechmark.id"
334,ddddeviftr__,"sek sek, lha iki bayare gawe opo ta gess? qris?","sek sek, ini harga nya berapa? Apa?"
335,wafiqul_az,@gustavianooo ngakak??,@gustavianooo lucu??
336,gustavianooo,@bruri____ dari rakyat untuk kantong pegawai pajak ??,@bruri____ dari masyarakat untuk kantong petugas pajak??
337,lilikteja,@aldhebilla iya mba  tentu saja sudah bpom dan  bisa ampuh  soalnya saya juga strechmark bekas lahiran bisa hilang & memudar ketika pakai produk dari @solutionstrechmark.id,"@aldhebilla ya bu, tentunya sudah bpom dan bisa efektif karena saya juga punya tanda lahir yang hilang & pudar jika menggunakan produk dari @solutionstrechmark.id"
338,hanisramadhani,iku bayare gawe qris iso opo gawe kartu emoney?,apakah biaya untuk membuat qris atau kartu emoney?
339,awang_medyna10,"Dari pada mikir gawe alat kui , mbok mikir nang di engon parkir sing luas, ura nang pinggir dalan kiwo tengen garai sempit dalane.  Wes di kelongi kanggo trotoar sakmno ombone kok yo gone parkir sik ng pinggir dalan pak pok ae to yo yo.. macet ??","Daripada berpikir untuk membuat alat seperti itu, Anda mungkin mengira berada di tempat parkir yang luas, di kiri jalan, di kanan jalan sempit.  Kami sudah lama menunggu di trotoar. Mengapa Anda parkir di pinggir jalan?"
340,sutokoima,Aku tuku mainan neng boro2 parker 5000,Saya membeli mainan di boro2 parker seharga 5000
341,wardoyo.setiyo96,"Rakyat bayar Untuk PAD,  PAD Untuk... ??","Orang bayar PAD, PAD untuk...??"
342,nikoandika7017,"Kakean polah.. Apa dana untuk pembangunan monumen reog kurang kok pemerintahannya cari"" Dana di jalanan gt???????? Penggunaan eparking ini harusnya di alokasikan di tempat yang emang untuk lahan parking.. Bukan dipingir jalan gt.","Kakean polah.. Dana pembangunan tugu reog kurang, kenapa pemerintah cari"" Dana di jalan-jalan gt?"
343,yusron_atsani,"Sip,lanjutkan,,","Sip, lanjutkan,,"
344,ercikamc,Yok iso yok. Kuto kuto gede wes hal lumrah banget e-parkir saiki gilirane ponorogo iso nyusul ketertinggalan,Tidak tidak. E-parking sudah menjadi hal yang lumrah kini giliran Ponorogo yang menyusul
345,wiwik_octa,,Di Sini
346,eline_xiandhia,"Ditertibkan harus.... Tukang parking byk yg ga jlas ... Dksh  1000 minta 2000 , 2000 ga dikembalikan,5000  jg mau.... ??????","Harus diatur.... Banyak tukang parkir yang tidak menjelaskan... Dksh 1000 minta 2000, 2000 tidak dikembalikan, 5000 juga....??????"
347,mrluckym4n,nek bayare tunai tetep panggah isaw di UP,jika pembayaran tunai tetap sama di UP
348,clarisalindaa,"Wajar masih sehari, siapa tau kalau berkelanjutan efek kedepannya lebih baik","Wajar saja kalau masih sehari, siapa tahu kalau diteruskan efeknya akan lebih baik kedepannya"
349,_agisz_,Apakah bernasib sama karo E-tilang??,Apakah bernasib sama dengan E-tilang??
350,yogiiprapmito,"@eline_xiandhia parkir alon alon timur depan pizza hut 10 ribu, 10 ribu kali brapa ratus mobil, hasilnya ngerti dewe ??????","@eline_xiandhia parkir lambat depan pizza Hut 10 ribu, 10 ribu kali seratus mobil, tau hasilnya ??????"
351,elvandri_rafsanjani,"Pemerintah yo kudu ngomongi tukang parkire, kerjone ojo mung nompo duite tok.. njogo lan merapikan kendaraan sing tenanan, lan ngarahne kendaraan sing arep mlebu metu...","Seharusnya pemerintah bicara sama tukang parkir, jangan asal ambil uangnya.. merawat dan merapikan kendaraan, dan mengarahkan kendaraan yang keluar masuk..."
352,optik_tasikmalaya,Masih perlu adaptasi,Masih perlu beradaptasi
353,mutiaraya__,"Daripada ribet e-parking mending kasih fasilitas lahan khusus buat parkir, biar gak parkir dipinggir jalan! Yg solutif gituloo!","Daripada ribet e-parking, yuk kita kasih fasilitas lahan khusus untuk parkir, biar nggak perlu parkir di pinggir jalan! Itulah solusinya!"
354,wijaya_heng,Dana bocor paling di korupsi wong duwuran,Dana bocor adalah orang yang paling korup
355,wahidhariz12,"Jalannya buat parkir, telortoarnya buat jualan..mantap??????","Jalan untuk parkir, jalan untuk jualan.. padat??????"
356,add_zim,"Nyapo kok g gawe gedung  parkir  di kei boom gate secure P / Centre Park / Iss ngunu terus ngidul e gawe  tapi ya di modif ben nyaman bayar e becak iku soko parkir, retribusi parkir gedung moco"" 9% dari omset parkir. Iku ono akeh pilihan pembayaran.  Gak usah gawe aplikasi maneh ngembek ngebek i hp. Tpi lek kur dilut parkir pinggir dalan ae limit 7 menit luwih soko iku di angkut nang gedung parkir","Mengapa membangun gedung parkir di Boom Gate Secure P/Centre Park/Iss Tidak perlu membuat permohonan lagi, namun jika melewati batas parkir 7 menit akan dibawa ke tempat parkir?"
357,agungyuliyantonugroho,"Ya jelas ditolak,,dia kan jadi gak ada duit tambhan pemasukan??,,dan rawan pungli,klo sdh ada pungli biasanya akan ada preman...","Iya jelas-jelas ditolak, jadi gak punya penghasilan tambahan??,, dan rawan pungli, kalo ada pungli biasanya bakal ada preman..."
358,agungyuliyantonugroho,"@yogiiprapmito lbh anyel barang yg dicari gak ada,dan muter nyetori parkir??","@yogiiprapmito lebih sulit menemukan apa yang dicari, dan kamu bermain-main di tempat parkir??"
359,_rjl_ardi,Pelan pelan,Pelan pelan
360,agungyuliyantonugroho,"Kadang suka heran kok,,,kota lain bingung memperlebar jalan klo ini bingung mempersempit jalan??,,ente ini kadang2 ya....????","Kadang saya heran kenapa,,, kota lain bingung pelebaran jalan sedangkan kota ini bingung mempersempit jalan??,, ini kadang....????"
361,becakmesinmaniaponorogo,@optik_tasikmalaya tp nek gonq seikhlase bos yg minimal  sesuai perda yg berlaku(manual)????klo gone erepane pean gmn bos,@optik_tasikmalaya tapi kalau bos ikhlas minimal sesuai ketentuan yang berlaku (manual)????
362,becakmesinmaniaponorogo,"tp nek gonq seikhlase minimal sesuai perda tp jg ngono podo kurang kesadarane seikhlase podo abot,malahan motor 5rb nang seputaran alun""podo gelem????","tapi kalau nyetirnya ikhlas itu minimal menurut undang-undang, tapi kalau gak sadar serius, walaupun nyetir motor 5.000.000 keliling alun-alun bersedia????"
363,m.iqbalprabowo_,"GK ribet nih min, jal ... Lek ruame ...",GK ribet gan.. Lek gegabah..
364,rofiah_achmad,"@yogiiprapmito iyaa betul sekali, kadang saya kalau belanja atau ada keperluan lain gag cukup parkir satu tempat,??","@yogiiprapmito iya betul, kadang kalau mau belanja atau ada keperluan lain, parkir di satu tempat saja tidak cukup,??"
365,amruafa,"aneh"" e??","aneh"" ya??"
366,verane_imam,"Kakean rengkek min ?? parkir 2000 ae kok bodo umek ae , daripada ngurusi kuii mbok tukang parkire djak ngurusi samlah sampah opo malah ditambahi pengahasilane ben karo nyapu ratan atau merwat bunga seng neng pinggur pinggir dalan kae . Oleh gae wes enek patugase nyatane samlah yo sek numpuk neng endi endi .","Apakah kamu bercanda?? parkir 2000, kenapa bodoh sekali, dari pada urus ini malah tukang parkir yang mengurus pengumpulan sampah atau bahkan menambah penghasilan dengan menyapu rotan atau merawat bunga di pinggir jalan. Itu sebabnya saya tidak tahu harus berbuat apa."
367,yohan_putrarakeri,Lama lama juga ga berlaku.,Ini tidak terjadi dalam waktu lama.
368,brurysayfullh,Mungkin jukirnya di training dulu....,Mungkin saat latihan dulu...
369,zacky_punk,Seng sabar ya pak jukir??,Apakah anda sabar pak??
370,lia_novitaaasari,Teknologi msa kini..... Kadang yg muda aja ada yg gaptek.. Apalgi bpk2 jukir.. Perlu ekstra utk belajar lgi... ??,Teknologi jaman sekarang..... Terkadang anak muda bingung harus berbuat apa.. Apalagi orang tua.. Perlukah ekstra untuk belajar lebih banyak...??
371,agungprihatmaja,Kaboten setor paleng wkwwkwk ????,Gak bisa setor uangnya wkwwkwk????
372,tri.pika.3,"Ya bukan kaboten setor juga,,kan jukir ndk indo kebanyakan sudah berumur,,ya kalo berumur mereka sekolah ndak papa toh masih bisa baca lha kalo yang dak sekolah kan ya kasian juga","Iya lumayan juga kalau disetor, menurutku kebanyakan dari mereka sudah tua ya, kalau sudah cukup umur untuk bersekolah, mereka masih bisa membaca."
373,galih_wie017,Alasan wae,Hanya alasannya
374,dhl.info,Apik,Bagus
375,tharrymunyill,"Rumit apa cuan nya kurang? Biasanya kan 2k/motor, skrng 1k/motor??????","Ribet gak duitnya kurang? Biasanya 2k/motor, sekarang 1k/motor??????"
376,ilove_ponorogo,@tharrymunyill nice,@tharrymunyill bagus
377,ilove_ponorogo,@agungprihatmaja bner,@agungprihatmaja bner
378,zakariamahrez9,Karena kebiasaan 2 ribu dapetnya????,Karena kebiasaan dapat 2 ribu????
379,evie_r_kusumawati_,"Ya karena jukirnya sudah sepuh wajar sih kalo di bilang rimit,,,","Ya, karena dia sudah tua, maka wajar jika dikatakan dia sudah tua,,,"
380,singgih_dwi_hs,Pakai tas biar gampang bawa nya,Gunakan tas agar mudah dibawa
381,galery_griya_pusaka,Ora iso ngentit ????,Tak sabar menunggu????
382,sulthon.alhakim,Sek durung terbiasa pak.. suwe2 karek merem iso??,Saya belum terbiasa pak.. sudah berapa lama bapak melakukannya??
383,ahmad26.x,Coboy.,Koboi.
384,ponidi.pamungkas,iku masalahe Ki nggur durung kulino ae,"itu masalahnya, saya masih menganggur"
385,kangmaz_supendi,@fyrs_rr ????,@fyrs_rr ????
386,mashelnasya,@muslihitz86 koment ter cakeeep??????,@muslihitz86 koment ter cakeeep??????
387,mhyshinta,"lanjutkan e-parking,sampek berlaku tenanan pokoke...mengurangi parkir ilegal??????..angger mandek endi enggon kenek parkir motor 2k..basamu wes nompo duite ditinggal ngalih??????..mbok'o ditulisane motor 1k..tetep dikon mbayar 2k??","lanjutkan e-parking, sampai benar-benar berfungsi...kurangi parkir liar??????..asal berhenti dimana harus parkir motor 2k..harus ambil uangnya dan biarkan pindah ??????..mungkin tertulis motor 1k.. masih diminta bayar 2k??"
388,kristiazhwhas,"?????? ?????????? ???? ????????????,???????? ???????? ?????????? ???????? ???????? ????????????...???????????????????????? ???????? ????????????...??","?????? ????????? ???? ????????????,????????? ???????? ????????? ???????? ???????? ????????????...??????????????????????????? ???????? ????????????...??"
389,jejaklangit88,"@itzsgaa_ pas ono konser denny caknan karo MNC TV poro jukir iso gae ngredit motor ngertio, difkir fkir sakjane yo mesakke, tapi dilain sisi kok greget ke yo lur","@itzsgaa_ saat datang ke konser Denny bersama MNC TV, katanya gak bisa pinjam motor lho, menurutku dia minta maaf, tapi di sisi lain kenapa kesal?"
390,jejaklangit88,"@f3_ndra lhaa ndalah,podo, tapi sek ngenes awakmu, aku wae parkir mobil ning ngarep pendopo ditarik 2000,gek blas tanpa karcis, ngono kui piye jal, Indonesia arep dijak maju angel to, mbalek maneh nang SDM","@f3_ndra Maafkan aku, tapi kalau kamu khawatir dengan dirimu sendiri, aku memarkir mobilku di depan paviliun dan ditagih 2000, aku gila tanpa tiket, jadi bagaimana kabarmu, Indonesia akan ditanya untuk maju susah, balik ke SDM"
391,rudirianto3219992023,KALO ALESAN RIBET YA BELAJAR. KALO MASIH GAK MAU RIBET YA GANTI PEKERJAAN. TOH BANYAK YANG KOK GANTIIN KERJA KALIAN??,"JIKA ALASANNYA KONFLIK, PELAJARI. JIKA ANDA MASIH TIDAK INGIN TERLIBAT, GANTI PEKERJAAN. BERAPA BANYAK ANDA MENGUBAH PEKERJAAN ANDA??"
392,_raasgtiulti_,Regenerasi ae ga sihh??,Regenerasi atau tidak??
393,kustyoriniaprilia,Mlampah wae nek mboten purun parkir.. Ngono wae og bingung,Jalan saja kalau tidak mau parkir.. Makanya bingung
394,dhul_20bhajoel,"Ribet? Sg ribet kw kui wg djak penak kg angel ,,negoro kog arep maju djak pnak ae modelan ngene ki sg garai ra maju2",Rumit? Ini sangat rumit sehingga sulit bagi saya untuk bergerak maju.
395,bosnyaran.co.id,Wkwkwk parkir oleh e akeh yo ?????? tak adek lahan parkir piye masuk ra????,"Mengapa kamu parkir begitu banyak?????? Saya tidak punya tempat parkir, bagaimana saya bisa masuk????"
396,itsmeolv_,@aheunaegawijaya ben,@aheunaegawijaya ben
397,bangkit_dc11,@fyrs_rr aku arep komen bak e ws enek sng muni ????,"@fyrs_rr Saya ingin berkomentar, bagaimana suara Anda????"
398,lanfy12_,@fllnh.m,@fllnh.m
399,faisagussetia,"Y jelas lah tukang parkir nolak, y di setorkan sama hasil beda.??","Yang jelas tukang parkirnya menolak, dan dia menyetorkan hasil yang sama.??"
400,mas_acong_,Yo jukire wae seng di ganti,Saya pikir sudah waktunya untuk mengubahnya
401,muhamd.maghfur,"Lek raiso gawe alat/aplikasi ne ganti sg enom, kualitas SDM perlu di updated","Alat/aplikasi pembuatan Lek Raiso mengalami perubahan, kualitas SDM perlu diperbarui"
402,nuryadi1453,@edykusumaa pensiun,@edykusumaa pensiun
403,nuryadi1453,@pradikaangga_ masih banyak tenaga yg nganggur,@pradikaangga_ masih banyak tenaga penganggurannya
404,misgiart,@fyrs_rr sudah terwakilkan twrnyata,@fyrs_rr telah diwakili twrnyata
405,mas.hakiem,"Orang yg menolak kemajuan, pasti akan mengeluarkan banyak alasan. Yg katanya ribet lah, susah lah...","Orang yang menolak kemajuan tentu akan memberikan banyak alasan. Katanya rumit, sulit..."
406,mbak_hess,@michellia308 benar??,@ michellia308 kan??
407,feri_bbwr1711,pas ada e parking 2 ribu.kemaren gak ada e parking 3 ribu ??,padahal ada parkir 2 ribu. Kemarin tidak ada parkir 3 ribu??
408,dickymhf,???? lucu,???? lucu
409,yusyarifai,"Gak tau lah.....parkir manual seng ngentit jukir,la ko di gawe e parkir seng mangan...????nek podo ora transparan yo ora ush di wenei parkir,wong duwe motor/mobil yo wis mbayar pajek....kok yo sek mbayar PARKIR,ANEEEHHH TOOOO","Entahlah.....parkir manual repot, tapi makan harus diparkir...???? ...kenapa bayar PARKIR, ANEEEHHH JUGA"
410,heeeennn,"Masyarakat ora menolak, jukir tok sing nolak","Masyarakat tidak menolak, bahkan yang menolak pun mengatakan"
411,dwik_rahayu,??????,??????
412,awan_prastowo,@heeeennn gasssss ??????????????????????,@heeeennn gassss ????????????????????????
413,m_anwar_fauzi,Sing muni rumat rumit dicutik ae suwen.,Kedengarannya rumit dan memakan waktu lama.
414,wahyu_listio,Ribet opo emang moh belajar?? Padene ben mbalik manual meneh?,Apakah sulit untuk belajar? Bagaimana kalau kembali ke manual?
415,hmadsy666,setuju banget lek semisal diterapno. gawe kebaikan bersama,Saya sangat setuju. berbuat baik bersama-sama
416,enytamufidh,Parkir nang ngarep latansa duit 10rb arep ora disusuki..duit e lebokne kantong lsg..dikiro kene ra ngerti pd hal etok2 berpaling muka.mboso dienteni duit etok2 digoleki seng 10rb.delalah nang tumbukan duite enek 10rb.di iya i wae trs agi disusuki..,"Parkir di depan rumah, 10.000 tidak akan dicuri.. uangnya ada di saku.."
417,enytamufidh,@enytamufidh duduk seng nang latar e latansa lo ya..seng dalan HOS.kan parkire dewe2 iku,@enytamufidh terletak di halaman Latansa..di jalan HOS
418,garasi_bangyos,"Nek ra gelem dadi jukir, munduro ae...nek maju2 keterak motor lewat ngko","Kalau tak mau jadi jukir, mundurlah..kalau mau maju, sepeda motor akan melewatimu"
419,mia_rahayu07,Kalo pakek e-parking kena brpa permotor,"Kalau pakai e-parking, motornya harus bayar"
420,ferysetiawanbs762,@muslihitz86 padahal motor diwalik e ora??,@muslihitz86 padahal motornya terbalik ya??
421,jenihendra,Kadang diwei 5 ewu gak jujul alasan gak ketok ??????... sekalian ngamal,Terkadang saya tidak membayar 5 ribu karena tidak melihat alasannya ??????
422,cinocaramel,Parkir kemarin di dekat masjid alon2 ada acara senam paud malah 5k dan tdk ada karcis parkir,"Parkir kemarin dekat mesjid lambat, ada acara senam, malah 5k dan tidak ada karcis parkir"
423,ratu_jagal,"Lanjutkan e parkir 
Biar pad naik","Lanjutkan parkir 
Biarkan bantalannya naik"
424,escoklatcokot.hoscokroaminoto,"@fyrs_rr padahal jukir itu setornya ke dinas perhubungan setiap bulan,dan sudah dipatok tarif setornya.cara ngentitnya gimana ya mbak???","@fyrs_rr padahal jukir tiap bulan menyetorkannya ke dinas perhubungan, dan bunga depositnya sudah fix."
425,nurrofi.mahmuda,"Jenenge belajar ki yo alon2, urung2 kok wis sambat","Proses belajarnya lambat, kenapa mengeluh?"
426,s.roni09,"Mbok yo nng POPER pisan di kek i e parking,angger rono pas hari² besar kok parkire ngalah²no kota besar","Mungkin di parkiran rame banget, mumpung hari besar kenapa parkir di kota besar?"
427,itss.silviyuse,@escoklatcokot.hoscokroaminoto  la nggeh to mbak bener.. Padahal jukir resmi iku ya setiap bulan e setor ini ya naik setorannya.. Kok enak men ada yang bilang ngentit ?? pendapatan naik daerah karena ada parkir pas acara kemarin dan yang kasih tarif mahal orang yang baru baru bukan tukang parkir resmi..,@escoklatcokot.hoscokroaminoto benar ya bu.. Padahal di akun resminya tiap bulan depositnya naik. Pendapatan didaerah tersebut meningkat karena ada tempat parkir untuk acara kemarin dan yang memberi tarif mahal adalah pendatang baru yang bukan juru parkir resmi..
428,itss.silviyuse,@dana_pradan  pie ale ngentit mas la wong jukir iku ya setiap bulan ya bayar setoran ndek dishub lo ??,"@dana_pradan pie ale bu, apakah orang jukir itu bayar deposit tiap bulan?"
429,itss.silviyuse,@faisagussetia  setoran e sesuai yang di katakan dishub ta wong jelas kok e,@faisagussetia depositnya sesuai dengan yang didishub bilang kok jelas?
430,faisagussetia,"Emmm no komen mbk, tapi nopo kok nolak?","Ummm no comment gan, tapi kenapa ditolak?"
431,dana_pradan,"@itss.silviyuse bener setiap bayar bulan, tapi sg dibayar karo pemasukan e bedo wkwkw wong pengunjung parkir kebanyakan ga diwei karcis, karcis e maleh dadi akal akal ane jukir sg senengane main pungli","@itss.silviyuse memang benar bayarnya tiap bulan, tapi dibayar dengan penghasilan."
432,itss.silviyuse,@dana_pradan  seng dibayar teng dishub niku nggeh sampun di target kaleh kantor e lo mas ??  ng kurang setoran e mawon nggeh di golek i kok e wonge mas,"@dana_pradan apakah dishubnya sudah dibayar, diincar kantor lain?  Jika Anda tidak memiliki deposit, Anda tidak dapat menemukannya"
433,dana_pradan,@itss.silviyuse okaayy,@itss.silviyuse oke
434,marin.marko,"Nyuwun sewu pak @sugirisancoko26 kalian @dishubpng parkir pinggir jalan kados jalan HOS niku tarif / bayare pinten geh sakniki tirose enten sing roda 2 2000, roda 4 5000 nopo leres soale nembe dek wingi pas badene parkir mboten enten sing mapakne moso bade wasul langsung diparani gek bayar 5000 biasane disusuk i 2000 kok mboten.. nggeh leres menawi eparking dipun terap aken damel antisipasi pungli jukir meniko..??","Terima kasih pak @sugirisancoko26 kalian @dishubpng taman di pinggir jalan seperti jalan HOS, tarif/pembayarannya sekarang berapa? bayar 5000 biasanya masuk tahun 2000 kenapa tidak.. benarkah kalau eparking diberlakukan? buat antisipasi pungli jukir seperti ini..??"
435,rifadno,@michellia308 ng alunalun 3k,@michellia308 di alunalun 3k
436,michellia308,@rifadno kalo ada acara 5k?? saya selaku kaum pelajar sedikit keberatan sebenarnya :'),@rifadno kalau ada acara 5k?? Saya sebagai mahasiswa sebenarnya sedikit keberatan :')
437,_omahelektronik,@fyrs_rr ????,@fyrs_rr ????
438,rifadno,@michellia308 laiyoo mayan ya 5 ewu kenek gawe tuku jus opo pentol goreng wkwkw,@michellia308 Saya mau bayar 5 ribu untuk beli jus atau gorengan wkwkw
439,pradikaangga_,Nek ruwet pecat ae jukir e??,Kalau ribet nanti dipecat ya??
440,muslihitz,"Padine ra iso ngutel ae kok kakean alasan ribet, paling pegel ki motor ra di kapak""ne nk parkir, yo sek panggha di jaluki duwek parkir nk ngaleh","Gak bisa kasih tau kenapa ribet banget, yang paling nyebelin motornya diparkir, kalau disuruh parkirin aku"
441,hantoro_krista,??ribet karena penghasilan jukir berkurang drastis.... Ayoo gas.. Demi kemajuan.. e-perkir aja,??ribet karena penghasilan jukir berkurang drastis.... Ayo gas.. Demi kemajuan.. jangan dipikirkan
442,edykusumaa,Jukire pun sepuh ??,Jukire juga sudah tua??
443,erwincaprut,@fyrs_rr  wkwkwkwk,@fyrs_rr wkwkwkwk
444,ursa_maritimus,@bimaekanusantara_ @ramaakukuh,@bimaekanusantara_ @ramaakukuh
445,bimaekanusantara_,"@happy_ursus no comment, urusane wong pusat","@happy_ursus no comment, itu urusan rakyat sentral"
446,super_tedjo,"jukir kan emg cm dikenai wajib setor, klo lewat e parking gak gitu konsepnya ????","Mohon maaf wajib deposit, kalau lewat parkiran konsepnya gitu????"
447,nunu.sgt,"Iya pak @dishubpng e-parking aja,.. karna lbih tertib dan ga marai emosi. Soale marai aku emosi pak jukir² sg diwei 1000 tpi ra gelem nampani. Mekso² kon 2rb, sdangkan disaat itu ra enek duit receh. E-parking emng butuh waktu sosialisasi, baik penggunaan dan caranya, seiring brjalannya waktu nanti juga terbiasa","Iya pak @dishhubpng jangan lakukan e-parking,.. karena lebih tertib dan kurang emosi. Emosional sekali pak Jukir, saya dikasih 1000 tapi saya tidak mau terima. Nilainya 2 miliar, tapi saat itu hanya sekeping koin. E-parking sangat membutuhkan waktu untuk bersosialisasi, baik cara penggunaannya maupun bagaimana seiring berjalannya waktu Anda akan terbiasa."
448,ramaakukuh,@happy_ursus barang opo wi,@happy_ursus ada apa?
449,miyano_sherry21,Penghasilan berkurang...(pernah parkir motor di salah satu ruas jalan hos Cokroaminoto..saya kasih 5ribuan..kok dijujuli 2000.. aq yo nge gas to..sejak kapan parkir montor malih 3000?!!?. Trus mbi jukir e dijujuli 3000.. alasane salah ndudut duit..??????),Penghasilannya berkurang... (Dulu saya parkir motor di salah satu jalan Hos Cokroaminoto.. Saya bayar 5 ribu.. kenapa disebut 2000.. Saya tidak punya bensin.. sejak kapan saya parkir mobil seharga 3000 lagi?!!?.
450,alfanzain.id,"Berarti faktanya, jukir kuwi curang. Wes narik e 2000. Sing disetorne mung sitik","Artinya faktanya, jukir adalah penipuan. Kami sudah menarik 2000. Depositnya hanya sedikit"
451,masrur_asyrofi,Setuju e-parkir,Setuju dengan parkir elektronik
452,alfanzain.id,Njaluk pemimpin e ora korupsi. RAKYATE DEWE HOBINE YO KORUPSI ??????????,Minta pemimpinnya untuk tidak melakukan korupsi. MASYARAKAT PUNYA HOBI KORUPSI SENDIRI??????????
453,mohamadaxel,"nahhh klo kaya gini enak, jdi harga buat parkir ngga seenaknya sndiri wkwk","Nah, kalau bagus seperti ini, maka harga parkirnya tidak sepadan"
454,f3_ndra,"Helih lagek iki mau isuk enek acara TK ning alon2..... Motor ditarik 3000,tak lokne mung mesam mesem jukir e..... Nemen lak golek bathiii","Eh besok pagi mau ada acara TK..... Motornya ditarik 3000 gak worth it, aku cuma senyum-senyum aja....."
455,chukyt,Jumlah Peningkatannya itu yg biasa nya masuk ke jukir tuh ??,Besaran kenaikan yang biasa masuk ke jukir??
456,snailmucica,"Pernah arep tuku klambi ning ninetynine tp ora enek sg digoleki, metu sek bayar parkir,..","Pernahkah Anda ingin membeli pakaian di tahun sembilan puluh sembilan tetapi Anda tidak mau mencarinya, Anda keluar setelah membayar parkir.."
457,ratnayas,Pakai e-card aja yang lgsung tempel gtu,Gunakan saja e-card yang Anda tempel
458,vickyalin.10,Data lengkapnya ada min ?,Apakah Anda memiliki data lengkapnya?
459,muh_6992,Lebih baik di makan rakyat dari pada di makan wakil rakyat.??,Lebih baik memakan rakyat dari pada memakan wakil rakyat.??
460,dana_pradan,"Sudah keliatan kan punglinya, sblm e-parking PAD 71jt, setelah e-parking naik 134 juta.. Ternyata bukan oknum pejabat ae sing seneng duit panas, kebanyakan jukir juga senengan e pungli... Makane diterapkan e-parking menolak,, ketar ketir pemasukan menurun mergo wes gaiso pungli neh sing jukir nakal....","Sudah terlihat, sebelum e-parking PAD 71 juta, setelah e-parking naik menjadi 134 juta. Ternyata bukan pejabatnya yang suka uang panas, sebagian besar jukir juga suka e-parking.. Itu dia. kenapa e-parking diterapkan, mereka menolak pendapatannya berkurang karena kami mencari orang yang nakal...."
461,ismaisma04,Jaman pasar malem wingi..parkir ditekok i byar pinten pak..sak ikhlas e mboso diwei rongewu lek ngomng jane telungewu lo mbk ??????????????,Saat pasar malam tadi malam.. Saya diminta bayar parkirnya berapa pak.
462,windy_imnida,Itu lah alasan knapa saya muales lak kon metu2???? . Mandek pirang nggon parkir e wes muni .. Po mneh lak tmpat e rame saiki rata2 3k??,Itu sebabnya saya merasa mual saat keluar???? . Berhenti lama di tempat parkir.. Apakah tempat itu ramai?
463,anggaraffiq,"Nah nek wes akeh hasile, tulung ojo di korup.","Nah, kalau untung banyak, tolong jangan korupsi."
464,add_zim,Lagian bahu jalan buat parkir ya paling gak tertibkan garis sepadan jalan atau berikan fasilitas parkir. Klo bahu jalan seakan mau uangnya saja fasilitasnya gak diberikan. kan parkir itu jualan fasilitas. Tolong lah plisss. PAD itu juga harus sejalan dengan peraturan.,"Gunakan selalu bahu jalan untuk parkir, minimal atur jalurnya agar sesuai dengan jalan atau sediakan fasilitas parkir. Kalau mau uang, fasilitasnya tidak disediakan. parkirnya jual fasilitas. Ku mohon. PAD juga harus sejalan dengan regulasi."
465,seratan_jawi,"iki wìs ar?p event gr?b?g surå , area al?n² wajib e-parking , bén ora meresahkan???? @dishubpng","ini acara gr?b?g surå, e-parking wajib di area jalan, bukankah itu menjadi perhatian???? @dishubpng"
466,darmawanathan27,"trus..pajak meningkat, fasilitas harus meningkat jg nggih..","lalu..pajak naik, fasilitas harus ditingkatkan juga.."
467,mrizalrotim44,Mohon tukang parkir kalok niat parkir,Silakan bertanya kepada petugas parkir jika Anda berniat parkir
468,itsmeolv_,Setujuuu pollllll. Aku ndue RM yoan tukang parkirku gae ne ngentit ?? tak jamin parkir pinggir dalan yo ngnoo. Wajib E-Parking ????????,"Setuju jajak pendapat. Saya punya RM, bagaimana dengan petugas parkir saya? Saya tidak menjamin parkir di pinggir jalan. E-Parkir Wajib ????????"
469,itsmeolv_,Sing nolak2 kon prei ae dadi jukir ????,Yang menolak jadi juker????
470,karleshaaa._,@ismaisma04 sek mending mba 3 rb pas rme rme e 5rb wkk,@ismaisma04 tolong kasih saya 3 miliar padahal 5 miliar wkk
471,ismaisma04,@itzsgaa_ wkwkwwk..mlahan ??,@itzsgaa_ wkwkwwk.. benarkah??
472,dianhadinurrohim,Joss lah .. biar ngga dipalakin parkir liar ??,Joss.. biar gak dituduh parkir liar??
473,denispariwara,@es_mawe setuju Bang,@es_mawe setuju gan
474,denispariwara,"Mungkin masih banyak jukir yang lebih berkompeten, cekatan cak cek","Mungkin masih banyak jukir yang lebih berkompeten, pinter abang cek"
475,tatan.t,"Ya perlu edukasi ae toh, titik ribet te ae, padahal lek wes berlajalan sistem e Yo mempermudah semua e ??????","Ya pokoknya butuh pendidikan, ribet pokoknya, padahal harus lewat sistem, semua jadi lebih mudah??????"
476,mrshl.gngsrsputra,Ebes melbu ig coy????,Ebes melbu ig malu-malu????
477,black_sheep.id,Wih 134-71 selisih pinten niku,"Ya, 134-71 bedanya"
478,aheunaegawijaya,@itsmeolv_ keras men ajae mbak,@itsmeolv_ susah bu
479,regytaaprylia,"@niken.laa sabar mbak , ben dibales si ng nduwur??","@niken.laa sabar ya bu, yang di atas sudah terjawab??"
480,op_bensin,Bukan ribet tapi ceperan ne kurang ??,"Ga ribet, tapi lebih murah??"
481,_lookatmoo,Apakah praktik korupsi dimulai dari sini??? selisih 63 jutaan????,Apakah praktek korupsi dimulai dari sini??? Selisih 63 juta????
482,anggara.54,Lanjutkan untuk e-parking nya??,Lanjutkan untuk e-parking??
483,sutokoima,Di moborobo parkir mobil ja ditarik 5.000 ... ??,5.000 ditarik dari tempat parkir mobil di Moborobo...??
484,wijaya_heng,Rubicon,Rubikon
485,Zumaro Qoirul,"betul, semangat perubahan.. ??","ya, semangat perubahan..??"
486,Hendro Setyawan,"itu masih belum seberapa, coba kalo sudah full di model kayak e toll harus top up saldo dulu . tp mudahnya gak ribet masalah jujul. hehe. btw bayar via sopipay/gopay bisa gak","itu masih belum seberapa, coba kalau full di model seperti e-toll harus top up saldo dulu. tapi mudahnya tidak ada masalah dengan jujul. ha ha. btw bisa bayar lewat sopipay/gopay?"
487,Putra Reog,Akan lebih baik jika diberi pelatihan dulu ...??,Akan lebih baik jika mereka diberi pelatihan terlebih dahulu...??
488,Fadillah,Ntar lama lama juga terbiasa... Semua itu butuh waktu... ????????,Butuh waktu lama untuk membiasakannya... Semua itu butuh waktu... ????????
489,Ariz Tiany,belum terbiasa jadi masih ribet,Saya belum terbiasa jadi masih rumit
490,Saidhan Efendi,Ribet karena blm terbiasa dan banyak jukirnya sudah ber umur...jadinya gaptek..,Rumit karena belum terbiasa dan banyak potongannya yang sudah tua.. jadi membingungkan..
491,Indra W P,Lanjutkannnn ??,Melanjutkan??
492,Aji Ji,"Sebelum menuntut gaji UMK Ponorogo, harusnya menuntut pembekalan dan SOP apa saja yang harus diperhatikan. Gaji UMK tapi ga mau sesuai SOP ??","Sebelum menuntut gaji UMK Ponorogo, sebaiknya mereka meminta pasokan dan SOP yang harus diperhatikan. Gaji UMK tapi tidak sesuai SOP??"
493,Entop Tawon,Adakan pelatihan buat jukirnya biar sat set das des gak ngantri kaya di SPBU. Tdk semua pelanggan parkir nyantai tapi ada yg buru2 cepat sampai drmh atau punya 7an lain.,"Melakukan pelatihan kepada para pengemudi agar tidak perlu mengantri seperti di SPBU. Tidak semua pelanggan parkir santai, namun ada yang terburu-buru menuju ke sana atau ada 7 orang lainnya."
494,Advan Putra,"Jangan hanya diajari cara penggunaan alat elektronik parking, tp juga diajari cara parkir kendaraan yg baik dan benar.","Jangan hanya sekedar mengajari mereka cara menggunakan alat parkir elektronik saja, tapi ajarkan juga cara memarkir kendaraan dengan baik dan benar."
495,Indrayani Crochet,Jajal parkir online aah....,Tes parkir online...
496,Jalu Rayhandra,Wong kesepakatane Podo nolak la kok ngene akhire ????,"Podo setuju untuk menolaknya, kenapa dia berakhir seperti ini????"
497,Danang TW,"Intine
Lek noto amrih pemasukan daerah meningkat (mengurangi/meniadakan kebocoran) 
Oke oke wae

Asal imbal balike ke masyarakat juga ikut meningkat ????????","Intinya adalah
Cara meningkatkan pendapatan daerah (mengurangi/menghilangkan kebocoran) 
Baiklah baiklah

Asal usul kembali ke masyarakat juga meningkat ????????"
498,Dony S,Koyo tau ra asing seng numpak montor kui...,Rasanya seperti orang asing mengendarai mobil...
499,Sighit Krestiyawan,"Enek sing luweh penting dari sekedar E, yo iku ora ngilang nek pas parkir, tapi teko pas arep mbayar ????","Yang lebih penting dari sekedar E ya, gak hilang pas parkir, tapi pas mau bayar????"
500,Zumaro Qoirul,"betul, semangat perubahan.. ??","ya, semangat perubahan..??"
501,Ariz Tiany,belum terbiasa jadi masih ribet,Saya belum terbiasa jadi masih rumit
502,Hendro Setyawan,"itu masih belum seberapa, coba kalo sudah full di model kayak e toll harus top up saldo dulu . tp mudahnya gak ribet masalah jujul. hehe. btw bayar via sopipay/gopay bisa gak","itu masih belum seberapa, coba kalau full di model seperti e-toll harus top up saldo dulu. tapi mudahnya tidak ada masalah dengan jujul. ha ha. btw bisa bayar lewat sopipay/gopay?"
503,Saidhan Efendi,Ribet karena blm terbiasa dan banyak jukirnya sudah ber umur...jadinya gaptek..,Rumit karena belum terbiasa dan banyak potongannya yang sudah tua.. jadi membingungkan..
504,Indra W P,Lanjutkannnn ??,Melanjutkan??
505,Putra Reog,Akan lebih baik jika diberi pelatihan dulu ...??,Akan lebih baik jika mereka diberi pelatihan terlebih dahulu...??
506,Fadillah,Ntar lama lama juga terbiasa... Semua itu butuh waktu... ????????,Butuh waktu lama untuk membiasakannya... Semua itu butuh waktu... ????????
507,@nanangnanang4542,Parkir sekarang pakai digital setiap petugas untuk mengurangi jukir liar sangat setuju berdasarkan perda 2024,Parkir kini sudah menggunakan digital setiap petugas untuk mengurangi parkir liar sangat setuju berdasarkan peraturan 2024
508,@rggaming4673,kebnyakan tukang parkir ponorogo. setiap masuk toko ada tukang parkir..jalan umum d buat parkir jadi nya makan jalan hampir separo.,sebagian besar juru parkirnya ponorogo. setiap masuk toko selalu ada tukang parkirnya.
509,@rggaming4673,kebnyakan tukang parkir ponorogo. setiap masuk toko ada tukang parkir..jalan umum d buat parkir jadi nya makan jalan hampir separo..,sebagian besar juru parkirnya ponorogo. setiap masuk toko pasti ada tukang parkirnya.
510,@user-nk8zu2no5y,kenapa gak pake parkir berlanggan pake stiker???menolak e parking ??? emange ini jalane mbah mu ??????,kenapa tidak pakai tiket parkir yang ada stikernya??? Apakah ini cara nenekmu??????
511,@dickykrisnanda3683,Turu ae kalau gak mau e-parking males kerjo minta upah??,Tidur kalau gak mau e-parking males minta gaji??
512,@zvq1827,"Sebuah terobosan yang HEBAT...!!!!
Alhamdulillah kota ini mempunyai ide yang brillian, saya pernah tinggal di beberapa kota dimana di salah satu kota tersebut perasaan tiap sejengkal tanah ada tukang parkir sampai-sampai mau beli barang sepele aja akhirnya ngga kebeli krn uang berkurang banyak untuk bayar parkir sana-sini. Mereka juga ngga setor ke pemerintah dengan jujur, motor hilang juga ngga mau ganti, uang parkir sebagian besar hanya utk kepentingan pribadi, bahkan utk pengusaan lahan parkir antara mereka jual-belinya nyampe ratusan juta bahkan milyaran. Hilangkan tukang parkir manual sebelum menjadi-jadi, ganti dg E-parkir agar uangnya bisa utk menambah BLT masyarakat miskin, kasih mereka cangkul & sabit agar lebih barokah karena parkir menyusahkan masyarakat, parkir manual tidak membantu masyarakat tapi lebih ke arah premanisme.","Sebuah terobosan BESAR...!!!!
Alhamdulillah kota ini mempunyai ide yang cemerlang, saya pernah tinggal di beberapa kota yang mana di salah satu kota tersebut terdapat tukang parkir disetiap jengkal tanahnya sampai-sampai jika ingin membeli sesuatu yang sepele akhirnya tidak jadi dibeli karena uangnya berkurang banyak untuk bayar parkir sana sini. Mereka juga tidak jujur ​​menyetor ke pemerintah, sepeda motor hilang dan tidak mau menggantinya, sebagian besar uang parkir hanya untuk kepentingan pribadi, bahkan untuk penguasaan tempat parkir diantara mereka, mereka jual beli ratusan. jutaan atau bahkan miliaran. Singkirkan petugas parkir manual sebelum jadi masalah, ganti dengan E-parking agar uangnya bisa digunakan untuk menambah BLT masyarakat miskin, beri mereka cangkul dan sabit agar lebih diberkati karena parkir adalah menjadi permasalahan bagi masyarakat, parkir manual tidak membantu masyarakat malah berujung pada perundungan."
513,@smartstudent4431,"E-Parking d pinggir jalan emang sulit, g enak, ruwet, mending benerin dulu lahan parkirnya biar ada jalur masuk sama jalur keluar. Jangan hanya krn lebih mudah jadi dikerjain duluan. Semua tuh ada tahapannya. Ibarat masak mie, didihkan dulu airnya jgn langsung masukin mie nya, nanti lodoh.","E-Parking di pinggir jalan susah banget, kurang bagus, ribet, mending perbaiki dulu area parkirnya biar ada pintu masuk dan keluarnya. Jangan hanya karena lebih mudah melakukannya terlebih dahulu. Semuanya punya panggung. Ibarat masak mie, rebus air dulu, jangan langsung masukkan mie, nanti becek."
514,@arifinsiregar608,Alah gabisa korup kalo pake E-parkir,Anda bisa korup jika menggunakan E-parkir
515,@indonesiahebat3936,Semoga dibayar tidak menggunung.,Mudah-mudahan tidak berlebihan.
516,@jakabaring923,Parkir liar lahan basah buat orang malas ????????,Parkir liar lahan basah untuk orang malas ????????
517,@robbycandra4298,"Ga mau ribet, ga usah kerja.","Saya tidak ingin ribet, saya tidak perlu bekerja."
518,@andrisetiawan8098,Alhamdulilah semoga tidak ada lagi parkir di alfa dan indomaret,Alhamdulillah semoga tidak ada lagi parkir di alfa dan indomaret
519,@adolfbastian661,Alasan rumit mrk ngambilin uang parkir tanpa karcis resmi enak bener gada bedanya sama KANG PALAK. Lanjutkan e-parking!!????,Rumitnya alasan mengambil uang parkir tanpa tiket resmi sebenarnya sama saja dengan KANG PALAK. Lanjutkan parkir elektronik!!????
520,@cowayofficial,"sebenarnya simpel aja sih, jalan itu yang bangun pemerintah, ya apapun kegiatan diatas nya menjadi milik pemerintah sepenuh nya, asal dilakukan dengan kejujuran dan transparansi..","Sederhana saja, jalan itu dibangun oleh pemerintah, apapun kegiatan di atas adalah milik pemerintah, asalkan dilakukan dengan jujur ​​dan transparan."
521,@ariusbudiman7105,JP ini salah satu kerjaan yang unfaedah.,JP merupakan salah satu pekerjaan yang tidak berguna.
522,@bekicot88,Rumit karena ga bisa masuk kantong sendiri,Rumit karena tidak muat di kantong sendiri
523,@satreaaji,"Bukan rumit, tp ga bisa masuk kantong, ya kan mana pernah jukir kasih karcis parkir ??","Nggak ribet, tapi nggak muat di kantong, pernah disuruh kasih tiket parkir dimana??"
524,@sanquotes2128,"Bukan masalah rumit, tpi penghasilan meraka pasti berkurang","Bukan persoalan rumit, tapi pendapatan mereka pasti berkurang"
525,@blackbeard4334,"Bukan RUMIT.
belom beradaptasi.
Klo yg ngomong JUKIR merepotkan karna dia ngak dapat lagi UANG GELAP dari parkiran.
Klo E parking sdh dipahami matilah para JUKIR seluruh NASIONAL","Tidak rumit.
jangan beradaptasi.
Ketika yang bilang JUKIR merepotkan karena tidak dapat UANG GELAP dari parkiran.
Ketika parkir E dipahami, JUKIR di seluruh negeri mati"
526,@genibumi,"Oo ponorogo yg kota reog itu ya , katanya daerah itu terkenal dng negeri balon nya","Ya, Ponorogo itu kota Reog, katanya daerah itu terkenal dengan negeri balonnya"
527,@adolfbastian661,"Dan semua dinas pemda hrs ""dipelototin"" krn pemasukan pendapatan daerah rawan dikorupsi??",Dan semua kantor pemerintah daerah harus “dicermati” karena pendapatan daerah rawan korupsi??
528,@indonesiahebat3936,"Semoga pengelola aplikasi dibayar tidak kabur alasan juga korban, ternyata tidak dianggarkan .",Semoga pengelola aplikasi berbayar tidak bingung karena yang jadi korban juga ternyata tidak dianggarkan.
529,@adityapratama1236,"main idea is good, but the device needs more efficient","ide utamanya bagus, tetapi perangkatnya perlu lebih efisien"
530,@suhartopwr4490,Pasti  rumit  parkir kok pakai sistem  elektronik  urus  para  korupsi  yg jumlahnya besar 2  parkir paling  2000 motor  mobil  50  000 ke bawah,"Parkirnya pasti ribet, kenapa pakai sistem elektronik untuk pemberantasan korupsi yang jumlahnya banyak, 2 tempat parkir, motor minimal 2000, mobil 50.000 kebawah"
531,@ahmadmuthi296,Alasanmu ae pak,"Alasan Anda, Pak"
532,@unboxingapapun6192,Untuk menjadi maju maka manusia hanya butuh adaptasi,"Untuk bisa maju, manusia hanya perlu beradaptasi"
533,@afendibekicot4685,"Bukan rumit kali , ytta ??",Tidak ribet kan??
534,@Reni-qm5ol,Aku mendukung mu pal E parking,Saya mendukung parkir mu pal E
535,@user-nk8zu2no5y,what do u mean by more efficient ??  is it too heavy ??? they want easy life,apa yang Anda maksud dengan lebih efisien??  apakah itu terlalu berat??? mereka menginginkan kehidupan yang mudah
536,@adityapratama1236, @user-nk8zu2no5y  blm prnah liat sistem parkiran di mall kah?, @ user-nk8zu2no5y Pernahkah Anda melihat sistem parkir di mall?
537,@Chank-fanaya,"Mungkin bingung cara pengoprasiannya ....tidak semua pandai,
Tidak semua mengerti huruf,
Tidak semua bisa baca.","Mungkin bingung cara pengoperasiannya....tidak semua orang pintar,
Tidak semua orang mengerti huruf,
Tidak semua orang bisa membaca."
538,@Nastar168,Namanya juga orang tua ?? coba anak muda udah pasti cepat itu ??,"Siapa nama orang tuanya juga?? coba anak muda, pasti cepat??"
