Comment,Label
parkir jakarta pakai emoney flazz brizzi kartu2 masuk tol,Neutral
bayar gopay dana sopipay,Negative
pembayaran termudah pakai qris,Positive
bismillah bisaaa,Negative
berharap parkir sepeda motor ponorogo jawa timur 1000kamin,Positive
love kadang rencananya dikasih 2 ribu dikasih kembalian hehehehe,Negative
kadang belanja 5 10 ribu,Negative
membayar uang tunai,Negative
ponorogo bagus,Negative
bener,Neutral
mantull,Positive
parkirannya rapi,Positive
oh anggarannya berguna,Negative
memarkir sepeda motor seharga 2k,Negative
parkir motor purwokerto banyumas 1000,Neutral
sumber daya manusia terbaik,Positive
poin tanggung 3 berani bertanggung pajak masuk akal,Negative
coba 10 sumber daya manusia,Positive
suka konsep ponorogo perlahan digital,Positive
menyindir,Negative
chuaks,Neutral
sayang kasihan jukir mengerti,Negative
baguslah merugikan masyarakat tarif jalan peraturannya mobil motor parkir,Positive
memarkir sepeda motor seharga 2k,Neutral
bayar 1000 parkir 2000,Neutral
diajak maju eparking berfungsi komentar sepeti,Positive
bagus banget gan tau ponorogo gebrakan qris,Positive
mudah seribu langsung jukir,Negative
berdasarkan keputusan gubernur jawa timur nomor 188889kpts0132022 upah minimum kabupatenkota jawa timur 2023 upah minimum kabupaten ponorogo 2023 rp214970945 pembayaran sg biaya hidup layak fasilitasnya pendapatan masyarakat ben iso ditingkatkan solusi komentar sg 10 setuju inarat ne butakan peta,Negative
setuju,Positive
setuju min poll ben tukang parkirnya gak enggan kerja membayar 2000 faktanya kendaraan gak diamankan membayar parkir menbuat jengkel,Positive
setuju,Positive
bagus minsudah tarifnya jukir seribu bibir cemberut,Positive
1 arah sempit ponorogo mantap,Negative
oh iya jakarta pakai qris semoga ponorogo pakai qris,Neutral
orang orang sumber daya manusia rendah contohnya,Negative
pakai diamond mas,Neutral
masookk,Neutral
komplain parkirnya mahal dikabulkan parkir seribu,Negative
1000000 koin memohon bergumam terbilang muda wajar tukang parkir tua,Negative
bagus positif,Positive
parkir timur alonalon jukir 2000 min,Neutral
parkir jalan mengganggu bahu jalan parkir jalan teraneh,Neutral
salfok tulisan parkir penyimpanan kehilangan sepeda motor tiket parkir gratis,Neutral
iya bu dituntut gajinya mainmain canggih permintaan orang kaya masyarakat miskin menderita umr seimbang gaji bagus lelah lelah mencari pekerjaan gaji ratarata sayang semangat pejuang rupiah,Negative
bagus hindari parkir liar,Positive
membayar uang tunai uang elektronik,Neutral
setuju,Neutral
,Positive
bayar pakai min transfer pakai emoney,Neutral
payung smp 6 dipakai habis,Neutral
dibayar rakyat difasilitasi mewah rakyat melayani rakyat memudahkan urusan rakyat keterampilan dimilikinya teknologi canggih sesuaikan gaji fasilitas dinikmati pejabat fasilitas rakyat mudah adil,Negative
sipp maju,Positive
mencari admin video singkat pembayaran parkir ben paham,Positive
,Positive
jalan diperbaiki daerah terpencil,Neutral
tamu masuk gang parkir toko dikenakan biaya parkir,Neutral
anehaneh sumber daya manusianya sdm cepat 10,Negative
kacau,Negative
alhamdulillah ponorogo maju,Positive
pakai motor bawa masuk gang pakai mobil resiko parkir gang,Negative
ayo lakukan,Positive
kayaknya bikin kartu kaya masuk tol,Positive
dicoba dikaji cocok parkirnya,Positive
sipuntuk mengurangi pungli,Positive
hahaha bosan manual,Negative
wealah,Neutral
as37s7 latihan mumpuni sumber daya manusianyasdm,Positive
huahuahuahahaha,Neutral
parkir pinggir jalan jalan,Negative
,Neutral
haha,Neutral
hehe,Neutral
tahukah,Neutral
gak pakai motor,Neutral
nyaman membayar parkirkenapa sulit,Negative
parkir ribet,Negative
bayar parkirnya,Negative
setuju singkirkan tukang parkirnya,Positive
pom gak rii,Neutral
sungguh wajar mas wkwkwk,Negative
slidikono uangnya masuk,Negative
ewarteg min,Neutral
cicil hariannya gimana bos,Neutral
,Neutral
byuuuu lakukan,Neutral
ya,Neutral
sebentar parkir,Neutral
ng masjid ae maton drpd shodaqoh tp kasar garasi parkirnya marahmarah,Negative
jane jukir manusia benarbenar berguna parkir ngatur pergi uang,Positive
setuju,Positive
rumitpemuda memahami kondisi masyarakat ponorogo diterpakan jalan janagan cari muka ideide bikin kacau ribet tolong cari muka,Negative
gerak cepat menunggu,Negative
tukang parkir afa karcisnya 2000 menata kendaraan tau tau upah otomatis ketar ketir,Positive
jukir menata motor motor kepanasan uang menata kendaraan ya keenakan jukirnya,Positive
mengeluh dirimu,Neutral
hospot ibukku bingung apalgi sistem scan,Negative
keburu macet,Negative
silakan alat eparking mengaturnya parkir gratis 10 menititu,Positive
,Negative
ayo mas solo gini,Neutral
berubah selebgram,Neutral
tukang parkir meresahkan dibayar 2 ribu kembalian membayar 1000 disebrangkan aturan parkir terbaru ya,Negative
halah jalan ombo gak parkir searah jalan,Positive
ayo beli rokok pakai aplikasi susah cari makan kehidupan susah parkir ribet pakai hp gathel banget,Negative
pergi toilet buatkan engising,Neutral
bikin susah tukang parkir usia,Negative
pergi tukang parkir,Negative
kasih 2000 aja trus langsung pergi,Negative
padamu bapakibu pemerinta ngikut,Positive
kendaraan keburu pergi,Negative
montor gak ditata jukir didatangi disebrangkan,Negative
haha dibilngan kadang gak tukang parkir pulang muncul,Neutral
iya semoga maunya minimal 10 menit 5 menit sajamasa bayar parkir surya bayar parkir kasir hadeh,Negative
setujjuuuu pollldaripada memukul tukang parkirsaat menyambut pas pulang tukang parkir laronn,Positive
rumit,Negative
dengar pasar anak dijadikan parkir mobil,Neutral
iya sih kak bingung ajak teman sepeda,Neutral
menurutku,Neutral
terbiasa,Positive
meresahkan,Neutral
enaknya kak,Neutral
laaaah situ gimana sih,Negative
terbiasa enak manual parkir elektronik,Neutral
wkwkwkwk baku hantam,Negative
lho emang bener parkir karcisnya karcis nggak pas parkir lha duit gelap,Positive
wow,Positive
gan hp 3315 minum,Neutral
la anakku bos anakku sepeda motor surya bayar parkir kasir ugh parah,Neutral
keburu lari kendaraan,Negative
wahsusah,Negative
wealah taman mal pelayanan publik parkir,Neutral
minum dimana ya denganmu,Neutral
lari duluan,Negative
izin losss,Negative
tugasnya jukir ngapain min parkir elekronik dilibatkan,Positive
mudah orangorang cashless,Positive
gan,Neutral
alat dioperasikan dipegang,Positive
jukir dibiarkan,Positive
orang pulang tibatiba antri,Negative
,Neutral
tenang gan,Negative
bagimana enak,Negative
membanyangkan pergi bersamasama kabar petugas parkir,Negative
pegang parkir mas,Negative
kayanya gede ganmobilnya apatrus parkirnya dimana,Negative
butuhnya cepat diatur disebrangkan keburu antri pekerjaan jukir menata montor,Negative
terkejut,Negative
menjengkelkan bos susu gak kehilangan bayar parkir,Negative
diatur gimana sih hemmmm,Negative
lhaladaaah pusat layanan pusat perbelanjaan,Positive
mudah,Positive
wow,Neutral
diuji,Neutral
parkir gratis,Positive
ak jepang min,Neutral
memindai kode qr qris membayar,Positive
oke perkembangan,Positive
tim mendengarkannya celah,Negative
ya menemukan halhal temukan membagikannya sabar rejeki,Negative
watduuuuh,Neutral
kabar,Negative
wow gimana susah,Negative
sebentarsebentar alasannya rumit masuk akal penghasilannya berkurang aneh apaapa,Positive
biasanyajika uji coba dilanjutkan evaluasi sekedar formalitas negara konoha,Negative
nyaman parkir elektronik pengalaman membayar sesuai aturan pelototi jukir ngejek menertawakan taat aturan susah,Positive
ya,Neutral
hmmhehe berantem,Negative
hehehada berpendapat mengurus diatur lari duluan,Negative
okeeeeee,Neutral
harap,Negative
kades gimana pendapatnya gan informasi,Neutral
dikontrol manual wkwkwk,Positive
semoga satusatunya penyebab berkurangnya pendapatan banyaknya simpanan dishub,Negative
peraturan parkir elektronik,Negative
nyaman gak nyaman min,Positive
intinya maju mundur,Positive
parkir pcc dikelola ketiga,Negative
era digital sdm ditingkatkan tujuan pemerintah daerah modernisasi meminimalisir kebocoran pad meningkat,Negative
dutertibkan jukir jujur perda tertulis tarif parkirnya parkir elektronik bagus gampang dibiasakan hindari kebocoran pad ayo ponorogo hebat,Negative
mohon maaf desa membiayai dana desa silakan kantor desa,Neutral
desa pungli mengagetkan jalan desa disemen rumahku,Neutral
muhamdmaghfur 3 pindah orangorang menyerah,Neutral
informasi pandemi dibangun perubahan,Negative
teknis manual tibatiba apaapa,Negative
ribut,Negative
bolak,Neutral
bingung mending jalan kaki,Negative
kosong min,Negative
sekedar bantu doa pakai elektronik semoga bayaran jukir dusesuaikan gak agal pas gak pakai karcis,Positive
menolak penghasilannya kerugian,Negative
zaman berkembang elektronikharus beradaptasi,Positive
parkir elektronik nyaman biaya parkir rendah min,Positive
baiknya parkir elektronik tukang parkir kerja uang,Positive
wes terserah lurr maunya gimana,Negative
jukir menolak parkir elektronik menolak parkir manual samasama menolak bayar,Positive
alasannya berkurangnya pad daerah pasang spanduk bertuliskan foto viralkan jukir kasih karcis jukir khawatir ribet parkir elektronik,Negative
alasannya menyetorkan uang pemda sesuai target kemarin bayar 15rb mobil lebaran,Negative
kirakira sistemnya parkir swalayan surya bayar parkir kasir biar gak kebocoran tarifnya gak disalahgunakan,Positive
gak bayar seribu gan parkir mobil 10 ribu kembalian kabur bagus pakai sistem langsung masuk pemerintah daerah,Negative
jukir susah memakai alat elektronik mohon diganti anak muda lulusan menganggur,Positive
lhadalaa,Neutral
,Positive
gak ikhlas gt berasa bayar maling bca kasih 2rb kasih 1rb hos cokroaminoto gak balikin daerah balong 2k mengembalikan,Negative
ikhlas kejujuran perda mengatur tarif parkir juru parkir dikasih 10000 bayar elektronik berfungsi sesuai sop,Negative
gt gan dikasih 2000 diem kemanakemana 1000000 diem 2000000 orang balikin gt gak ikhlas ditipu setuju buatkan tarif pinggir jalan,Negative
hos cokrominoto parkir elektronik pasar legi cocok,Positive
sulit orang,Negative
peraturannya mendadak kebingungan orangorang berusia 50an paham,Negative
bagus parkir elektronik uang masuk maksimal tren pemerintah uang penerimaan pajak rawan dimanfaatkan swasta intinya tau gak uangnya dimana,Negative
mengurangi pendapatan jukir nakal,Negative
tukang parkir terburuk alunalunmemilih membayar 5000 parkir motor pergi gak pergi gimana sih,Negative
kemarin malam 3000 sepeda motor festival,Negative
pakai karcis manual gak,Negative
okeee semangat abang,Positive
menjaga teman roy anak buah agus yayat,Negative
oke kabarbegitu tertib,Negative
pilih elektronik min malas menghadapi jukir seribu diterima diterima ribu kembalian ayo dishub dorong eparking,Positive
oke kakak tim elektroniksupaya tertib,Negative
namanya proses perubahan jaman beradaptasi eparkir setuju sisi muaranya penurunan harga parkir,Positive
minn tau jalan rumahku dikasih tanda dishub,Neutral
parkir manual bayar 1000 parkir kabupaten ponorogo,Negative
digarisbawahi ditekankan mengurangi pendapatan ya niat pakai eparking bimtek dilatih bingung,Negative
naaah benul udah coba eparking gan,Positive
parkir elektronik jujur kertasnya diganti 2000 3000,Negative
mudah parkir elektronik,Positive
,Neutral
masuk penyebabnya curang tinggal gak tarif sesuai,Negative
gak ngerti nyambung jam 8 pagi ngapain nunggu tanda berhenti dishub malam,Neutral
lur penyesuaian semoga lancar,Positive
,Negative
siaaap tim elektronik gan,Positive
jane eparkir cocok parkir khusus mall convenience store pasar cocok parkir terbukadi pinggir jalan ribet manual yabanyak jukir nakal bingung,Negative
rekayasa lintas ya acara jalan alun alun berjalan lancar,Positive
hooh beneran lhaaaa tim manual parkirnya gimana gan,Negative
tau gak uang 2000 dicoret 2 3000,Negative
lupa dimana dimana,Negative
besok,Neutral
bagus eparkir,Positive
,Neutral
berbahaya,Negative
oke gan,Positive
tim manual elektronik,Neutral
bahaya,Neutral
oke tim elektroniknya gan alasannya,Positive
terserah diatur makan gapura,Neutral
parkir sekolah bayar,Neutral
gapura dimana pilih manual elektronik,Negative
parkir ilegal,Positive
uang tunai,Positive
menurutku salah alasan parkir,Negative
teman eparking mudah bayarnya pakai uang tap kartu higienis tertib membayar daerah tukang parkir penghasilan dibayarbulanan mengerti podoãâãâ² pengguna jasa parkir jukir pemerintah kabupaten ponorogo melaksanakannya sosialisasi masyarakat rambu tibatiba menunggu kejadian rambu jalan diperbaiki jalur darat hilangpudar ubahlah marah,Positive
yayat menangkap kesalahan,Negative
mending manual cepat,Negative
heh parkirannya 2 dipegang teman roy dipegang anak buah agus,Negative
oke tim manual,Negative
naaaaah uji coba dievaluasi,Positive
eh sik sik penghasilannya digaji paham,Neutral
tesmasih hasil,Negative
nyaman parkirnya ga bayar trus jukir dibayar pemerintah,Positive
minkalau lapor pembangunan jalan desa minsaya tinggal sawoo desa membangun jalan desa dibangun,Neutral
dukung tukang parkir manual,Positive
dipersulit dipermudah,Negative
kampungan,Neutral
bos barak,Positive
teknologi melampaui akal sehat 2023 urus surat kantor pedesaan foto copy ektp parkir pakai electronics,Negative
semoga hilang parkiran diganti 100 hehe,Positive
tertarik mengunjungimu,Negative
menangani halhal mendesak,Negative
uang elektronik,Negative
manual,Negative
antusias,Neutral
ditindaklanjuti adil,Negative
rela mengeluarkan uang seribu ribu parkir ditipu orang proposal alat eparking cari uangnya,Negative
pendapat kenyamanan parkir gratis,Positive
alhamdulillah semangat bayar eparking terima kasih waalaikumsalam,Positive
memperlambat kerja,Negative
pendapat bagus hasil parkir langsung disetor apbd pembangunan ponorogo maju,Positive
membeli peralatan modern memperbaiki jalan berlubang,Negative
ebesss,Neutral
netizen berani mengkritikwkwk,Negative
marah padamu kawan,Negative
lanjutkan,Neutral
sibuk sekalikenapa cepat jaman gak macet gak mutermuter,Negative
parkir gacoan refund,Negative
2000py 500010000,Negative
tanah khusus kota tanah khusus sulit rumah dll bersediakah ombo parkir lapangan kodim acaranya alunalun,Positive
diberitahu aturannya 1000 pulang membayar 5000 dorong mencapai 5000 parkir,Negative
capek angkut biayanya transporter,Neutral
dikasih jawabannya singanya ribu bersedia bayar parkir,Negative
5000 acara mobilmotornya kompak menabraknya maaf pendek,Negative
berpikir,Neutral
aji mumpung mak pakai hukum berubah tergantung situasi,Positive
aturan perdanya diurus gratis parkir tanah pemilik pizza hut kasih aturan hukumnya pemilik tanah bayar pajak bernilai 2000 kadang dijual seharga 5000,Positive
maksud postingan eparkir lbh mengatur parkir jd gak mikir gak alunalun kadang beli baju ponya bodoh pergi toko a toko b toko c alunalun sesuai pakaianpilihanmu dll memanggilku parkir kadangkadang pulang cari silakan bayar,Negative
e parkingo bayar mas orang berpikir toko a b c d bajunya ketemu bayar 1000 peng intinya lipat mobilnya,Negative
pakai emoney tinggal tap bagus pakai qr code,Negative
haha la gak bayar beratidengan parkir elektronik lbhnya tertib bayar 2000 2000 terdeteksi mesin lo ya,Negative
kawan tanah membayar biaya parkir contoh liburan poper fleksibel pcc lahan ya berharga intinya melepaskan resiko orang berdonasi parkir 1000 rupiah dikasih 1000 orang marah parkiran 2000 aja dikasih,Negative
,Negative
sesuai,Positive
alun alun ya terapkan parkir elektronik,Positive
tanah dibicarakan dibicarakan kaitannya ya hubungannya pemda wak yo parkir jl,Negative
berpikir permintaan diluar alasan bmkg,Neutral
parkir lapangan berjalan kaki tujuan permintaan nalar bmkg tanahnya full house,Negative
setuju gunanya beli bahan kadang toko kosong pindah toko bayar parkiran menemukan barang dicari,Negative
pindah negara,Neutral
repotnya berkomentar masuk akal diam,Negative
sui sui kno e toilet,Neutral
bawa uang 2 ribu,Negative
fungsi trotoar pejalan kaki,Negative
nama jukirnya berek bingung lo diajari,Negative
membayar tunai,Negative
maar melenceng topik info obat penghilang strechmark,Neutral
ya allah,Positive
parkir mobil truk temanmu berhenti jalan,Negative
bayarnyamasa pakai alat dc membayar manual ya bohong pakai kartu,Negative
tilang elektronik manualnya mencoba,Negative
ditebak endingnya,Neutral
coba produk manjur banget stretch mark parah pemakaian rutin stretch mark bu,Neutral
e parkir keharusan,Positive
seberang pizzahut parkir mobil seharga 10 ribu,Negative
lanjutkan sip,Positive
benarbenar ampuh melakukannya,Positive
hla iyo lobagaimana jukir tuamisalnya ayahkugimana,Negative
jukir tua kasihan mengerti,Negative
ya setuju biaya parkirnya tarifnya kadang dikembalikan,Negative
iyaa iya bu pastinya bpom efektif tanda lahir hilang pudar produk,Negative
sek sek bayarnya pakai qris,Negative
lucu,Neutral
masyarakat kantong petugas pajak,Negative
ya bu bpom efektif tanda lahir hilang pudar produk,Neutral
bayar pakai qris kartu emoney,Neutral
berpikir alat parkir luas kiri jalan kanan jalan sempit menunggu trotoar parkir pinggir jalan,Negative
membeli mainan boro2 parkir seharga 5000,Negative
orang bayar pad pad,Negative
kebanyakan tingkah dana pembangunan tugu reog pemerintah cari dana jalanjalan gt penggunaan eparking alokasikan emang lahan parking dipingir jalan gt,Negative
sip lanjutkan,Positive
yuk yuk kota eparking lumrah giliran ponorogo menyusul,Positive
diatur tukang parkir dikasih 1000 2000 2000 dikembalikan 5000,Positive
pembayaran tunai up,Positive
wajar sehari diteruskan efeknya kedepannya,Negative
bernasib etilang,Positive
parkir lambat pizza hut 10 ribu 10 ribu kali seratus mobil tau hasilnya,Negative
pemerintah bicara tukang parkir ambil uangnya merawat merapikan kendaraan mengarahkan kendaraan masuk,Negative
beradaptasi,Positive
ribet eparking yuk kasih fasilitas lahan khusus parkir biar nggak parkir pinggir jalan solusinya,Negative
dana bocorpaling korupsi orang,Negative
jalan parkir jalan jualan mantap,Neutral
membangun gedung parkir boom gate secure pcentre parkiss permohonan melewati batas parkir 7 menit dibawa parkir,Negative
iya jelasjelas ditolak gak penghasilan tambahan rawan pungli kalo pungli preman,Negative
sulit menemukan dicari bermainmain parkir,Negative
pelan pelan,Neutral
kadang heran kota bingung pelebaran jalan kota bingung mempersempit jalan kadang,Negative
bos ikhlas minimal sesuai ketentuan berlaku manual,Positive
nyetirnya ikhlas minimal undangundang gak sadar serius nyetir motor 5000000 keliling alunalun bersedia,Positive
ribet gak sih min ramai,Negative
iya kadang belanja keperluan parkir,Positive
aneh ya,Neutral
kebanyakan langkah parkir 2000 ribut urus tukang parkir mengurus pengumpulan sampah menambah penghasilan menyapu rotan merawat bunga pinggir jalan berbuat,Negative
lamalama berlaku,Negative
jukir latihan,Positive
sabar ya jukir,Positive
teknologi jaman terkadang anak muda bingung berbuat orang tua ekstra belajar,Negative
gak setor uangnya wkwwkwk,Neutral
iya lumayan disetor menurutku kebanyakan tua ya umur bersekolah membaca,Negative
alasannya,Negative
bagus,Positive
ribet gak duitnya 2kmotor 1kmotor,Negative
bagus,Negative
bner,Neutral
kebiasaan 2 ribu,Negative
ya jukir tua wajar tua,Negative
tas mudah dibawa,Neutral
mengutil,Negative
terbiasa merem,Positive
koboi,Neutral
terbiasa,Negative
koment ter cakeeep,Neutral
lanjutkan eparking benarbenar berfungsikurangi parkir liarasal berhenti dimana parkir motor 2kharus ambil uangnya biarkan pindah tertulis motor 1k bayar 2k,Negative
konser denny mnc tv gak pinjam motor lho menurutku maaf sisi kesal,Negative
maafkan khawatir dirimu memarkir mobilku paviliun ditagih 2000 gila tiket kabarmu indonesia maju susah sdm,Negative
alasannya ribet pelajari terlibat ganti pekerjaan mengubah pekerjaan,Positive
regenerasi,Positive
jalan parkir bingung,Negative
rumit rumit sulit bergerak maju,Negative
parkir parkir masuk,Negative
ben,Neutral
berkomentar diwakili,Negative
tukang parkirnya menolak menyetorkan hasil beda,Negative
ya jukir mengubahnya,Positive
alat aplikasinya ganti muda kualitas sdm diperbarui,Negative
pensiun,Negative
tenaga penganggurannya,Positive
diwakili twrnyata,Neutral
orang menolak kemajuan alasan rumit sulit,Negative
michellia308,Neutral
parkir 2 ribu kemarin parkir 3 ribu,Negative
lucu,Positive
entahlahparkir manual mengutil jukir parkir elekreonik makan atasan transparan ya diterapkan parkir motormobil bayar pajakkok bayar parkiraneeehhh toooo,Negative
masyarakat menolak jukir menolak,Negative
gassss,Neutral
omong rumit dibuang,Negative
sulit belajar manual,Negative
setuju berbuat bersamasama,Positive
parkir rumah 10000 dicuri uangnya saku,Negative
terletak halaman latansadi jalan hos,Neutral
jukir mundurlahkalau maju sepeda motor melewatimu,Positive
pakai eparking motornya bayar,Negative
motornya terbalik ya,Neutral
terkadang membayar 5 ribu alasannya,Negative
parkir kemarin mesjid lambat acara senam 5k karcis parkir,Negative
lanjutkan parkir ãâã¢ââ¦ biarkan bantalannya,Positive
jukir menyetorkannya dinas perhubungan bunga depositnya fix,Neutral
proses belajarnya lambat mengeluh,Positive
parkiran rame banget mumpung parkir kota,Neutral
ya bu akun resminya depositnya pendapatan didaerah meningkat parkir acara kemarin tarif mahal pendatang juru parkir resmi,Negative
pie ale bu orang jukir bayar deposit,Negative
depositnya sesuai didishub bilang,Negative
ummm no comment gan ditolak,Neutral
bayarnya dibayar penghasilan,Positive
dishubnya dibayar diincar kantor memiliki deposit menemukannya,Negative
oke,Positive
terima kasih taman pinggir jalan jalan hos tarifpembayarannya bayar 5000 masuk 2000 eparking diberlakukan antisipasi pungli jukir,Negative
alunalun 3k,Neutral
acara 5k mahasiswa keberatan,Negative
bayar 5 ribu beli jus gorengan wkwkw,Negative
ribet dipecat ya,Negative
gak kasih tau ribet banget nyebelin motornya diparkir disuruh parkirin,Negative
ribet penghasilan jukir berkurang drastis ayo gas kemajuan dipikirkan,Negative
jukire tua,Positive
wkwkwkwk,Neutral
no comment urusan rakyat sentral,Negative
mohon maaf wajib deposit parkiran konsepnya gitu,Negative
iya lakukan eparking tertib emosi emosional jukir dikasih 1000 terima nilainya 2 miliar sekeping koin eparking membutuhkan bersosialisasi penggunaannya seiring berjalannya terbiasa,Negative
,Positive
penghasilannya berkurang parkir motor salah jalan hos cokroaminoto bayar 5 ribu 2000 bensin parkir mobil seharga 3000,Negative
faktanya jukir penipuan menarik 2000 depositnya,Negative
setuju parkir elektronik,Positive
pemimpinnya korupsi masyarakat hobi korupsi,Negative
bagus harga parkirnya sepadan,Negative
eh besok pagi acara tk motornya ditarik 3000 gak worth it senyumsenyum aja,Positive
besaran kenaikan masuk jukir,Negative
pernahkah membeli pakaian sembilan puluh sembilan mencarinya membayar parkir,Negative
ecard tempel,Negative
memiliki data lengkapnya,Negative
memakan rakyat memakan wakil rakyat,Negative
eparking pad 71 juta eparking 134 juta pejabatnya suka uang panas jukir suka eparking eparking diterapkan menolak pendapatannya berkurang mencari orang nakal,Negative
pasar malam malam bayar parkirnya,Negative
males berhenti parkir ramai,Negative
untung tolong korupsi,Negative
bahu jalan parkir minimal atur jalurnya sesuai jalan sediakan fasilitas parkir uang fasilitasnya disediakan parkirnya jual fasilitas ku mohon pad sejalan regulasi,Negative
acara grbg surãâãâ¥ eparking wajib area jalan perhatian,Negative
lalupajak fasilitas ditingkatkan,Negative
silakan petugas parkir berniat parkir,Positive
setuju rm jukirnya mngutil uang menjamin parkir pinggir jalan eparkir wajib,Negative
menolak suruh berhenti jukir,Negative
tolong kasih 3 miliar 5 miliar wkk,Negative
wkwkwwk,Neutral
joss biar gak parkir liar,Negative
setuju gan,Positive
jukir berkompeten pinter abang cek,Negative
ya pokoknya butuh edukasi ribet pokoknya sistem dijalankan mudah,Negative
ebes melbu ig malumalu,Neutral
ya 13471 bedanya,Neutral
susah bu,Negative
sabar ya bu terjawab,Positive
ribet jatahnya,Negative
praktek korupsi selisih 63 juta,Negative
lanjutkan eparking,Positive
5000 ditarik parkir mobil moborobo,Negative
rubikon,Neutral
ya semangat perubahan,Positive
coba full model etoll top up saldo mudahnya jujul ha ha btw bayar sopipaygopay,Negative
pelatihan,Positive
terbiasa butuh,Negative
terbiasa rumit,Negative
rumit terbiasa potongannya tua membingungkan,Negative
melanjutkan,Neutral
menuntut gaji umk ponorogo pasokan sop diperhatikan gaji umk sesuai sop,Negative
pelatihan jukir mengantri spbu pelanggan parkir santai terburuburu 7 orang,Negative
sekedar mengajari alat parkir elektronik ajarkan memarkir kendaraan,Negative
tes parkir online,Positive
setuju menolaknya,Neutral
intinya meningkatkan pendapatan daerah mengurangimenghilangkan kebocoran baiklah baiklah usul masyarakat meningkat,Neutral
orang asing mengendarai mobil,Negative
sekedar elektronik ya gak hilang pas parkir pas bayar,Positive
ya semangat perubahan,Positive
terbiasa rumit,Negative
coba full model etoll top up saldo mudahnya jujul ha ha btw bayar sopipaygopay,Negative
rumit terbiasa jukir tua membingungkan,Negative
melanjutkan,Neutral
pelatihan,Positive
terbiasa butuh,Negative
parkir digital petugas mengurangi parkir liar setuju berdasarkan peraturan 2024,Negative
juru parkirnya ponorogo masuk toko tukang parkirnya,Negative
juru parkirnya ponorogo masuk toko tukang parkirnya,Positive
pakai tiket parkir berlangganan stikernya menolak prakir elektronik memangnya jalan kakekmu,Negative
tidur gak eparking males gaji,Negative
terobosan alhamdulillah kota ide cemerlang tinggal kota salah kota tukang parkir disetiap jengkal tanahnya sampaisampai membeli sepele dibeli uangnya berkurang bayar parkir jujur ãâ¢ã¢ââ¬ã¢ââ¹ãâ¢ã¢ââ¬ã¢ââ¹menyetor pemerintah sepeda motor hilang menggantinya uang parkir kepentingan pribadi penguasaan parkir jual beli ratusan jutaan miliaran singkirkan petugas parkir manual ganti eparking uangnya menambah blt masyarakat miskin cangkul sabit diberkati parkir permasalahan masyarakat parkir manual membantu masyarakat berujung perundungan,Negative
eparking pinggir jalan susah banget bagus ribet mending perbaiki area parkirnya biar pintu masuk keluarnya mudah melakukannya panggung masak mie rebus air langsung masukkan mie becek,Negative
mencegah korup eparkir,Negative
mudahmudahan dibayar menggunung,Negative
parkir liar lahan basah orang malas,Negative
ribet,Negative
alhamdulillah semoga parkir alfa indomaret,Negative
rumitnya alasan mengambil uang parkir tiket resmi kang palak lanjutkan parkir elektronik,Positive
sederhana jalan dibangun pemerintah apapun kegiatan milik pemerintah jujur ãâ¢ã¢ââ¬ã¢ââ¹ãâ¢ã¢ââ¬ã¢ââ¹dan transparan,Negative
juru parkir salah pekerjaan berguna,Negative
rumit masuk kantong,Negative
nggak ribet nggak muat kantong disuruh kasih tiket parkir dimana,Negative
rumit pendapatan berkurang,Negative
rumit beradaptasi bilang jukir merepotkan uang gelap parkiran parkir elektronik diterapkan jukir negeri mati,Negative
ya ponorogo kota reog daerah terkenal negeri balonnya,Negative
kantor pemerintah daerah diawasi pendapatan daerah rawan korupsi,Negative
semoga pengelola aplikasi berbayar bingung korban dianggarkan,Negative
ide utamanya bagus perangkatnya efisien,Positive
parkirnya ribet pakai sistem elektronik pemberantasan korupsi 2 parkir motor minimal 2000 mobil 50000 kebawah,Negative
alasan,Neutral
maju manusia beradaptasi,Positive
ribet,Negative
mendukung parkir mu parkir elektronik,Positive
maksud efisien berat kehidupan mudah,Negative
ãâ usernk8zu2no5y pernahkah sistem parkir mall,Negative
bingung pengoperasiannyatidak orang pintar orang mengerti huruf orang membaca,Positive
namanya orang tua coba anak muda cepat,Positive
