comment,Label
parkir e ojo neng pinggir ndalan sisan gek dipalang ne ngunu ae genio,0
kaboten setor paleng wkwwkwk,1
rumit ga masuk kantong,0
nya pindah negara gimana,0
pendapat ku apik lor mergo ben ora hasil dr prkir langsng disetor ne nge apbd ngo bangun2 op kono ben ponorogo luweh maju dlm segla,2
rekayasa lalin kayane ya enek acara ning jalan alun alun sih lor iku ben lancar ngono,2
pelan pelan,1
mikir gawe alat kui mbok mikir nang engon parkir sing luas ura nang pinggir dalan kiwo tengen garai sempit dalane wes kelongi kanggo trotoar sakmno ombone yo gone parkir sik ng pinggir dalan pok ae to yo yo macet,0
ditertibkan tukang parking byk yg ga jlas dksh 1000 2000 2000 ga dikembalikan5000 jg,2
arep tuku klambi ning ninetynine tp ora enek sg digoleki metu sek bayar parkir,0
,1
siji ae min lek iso samsat kae gratis parkir e,2
setuju eparkir,2
apik,0
menuntut gaji umk ponorogo menuntut pembekalan sop diperhatikan gaji umk ga sesuai sop,0
lha kadesnya gimana kak ndak info,0
beh kaget,1
setuju banget lek diterapno gawe kebaikan,2
ebesss,1
turu ae gak eparking males kerjo upah,0
alasan wae,1
lhaaaa,2
rubicon,1
padine ra iso ngutel ae kakean alasan ribet pegel ki motor ra kapakne nk parkir yo sek panggha jaluki duwek parkir nk ngaleh,0
pie ale ngentit mas la jukir iku ya ya bayar setoran ndek dishub lo,0
si satir,0
jukirnya training,0
seumpama mertamu masuk gang parkirnya didepan toko biaya parkir,0
la,1
semangatt,0
wkwkwkwk,1
keliatan punglinya sblm eparking pad 71jt eparking 134 juta oknum pejabat ae sing seneng duit panas kebanyakan jukir senengan e pungli makane diterapkan eparking menolak ketar ketir pemasukan menurun mergo wes gaiso pungli neh sing jukir nakal,0
bingung pengoprasiannya pandai mengerti huruf baca,2
dijak maju gk gelem ngko eparking wes jalan gnti komen mbok yo ngne ket biyen,2
bos berek,2
taman jalan mengganggu bahu jalan parkir jalan terwagu,2
dpn sebrang pizzahut pernh parkirmobil 10 rb g disusuki,0
tau lali nggone ngendi lur sing kaya ngono wi,0
jajal parkir online aah,2
kalo alesan ribet ya belajar kalo gak ribet ya ganti pekerjaan gantiin kerja,2
waah,1
bener bayar sg dibayar karo pemasukan e bedo wkwkw pengunjung parkir kebanyakan ga diwei karcis karcis e maleh dadi akal akal ane jukir sg senengane main pungli,2
nggih leres setuju,2
yo mugo ae la nk minimal 10mnit ngono yo gpopobareng 5mnit ae msok yo kon byr parkir ng surya bayar parkir ng kasir hdeh,0
lhadalah iki anu nek iki,1
rakyat kantong pegawai pajak,0
oke deh rpp onok kemajuan,1
aneh aneh ae genah sdm e sek koyok ngene og kecepeten 10 taun,1
kesel ngangkutingko biaya nehtukang angkut2,2
nguyoh ae 2000 ngasi parkir 1000,0
jajal 10tahun kas tibake sdm e sek podo,2
pendapatku tetep penak parkir gratis,2
wealah ngono digenahne,1
kebnyakan tukang parkir ponorogo masuk toko tukang parkirjalan d parkir nya makan jalan separo,0
tp nek gonq seikhlase bos yg minimal sesuai perda yg berlakumanualklo gone erepane pean gmn bos,2
jukir setornya dinas perhubungan bulandan dipatok tarif setornyacara ngentitnya gimana ya mbak,1
gelem natakne motor iso2 ngewei kerdus ben gak kepanasen motor e nek gur moro2 nagih duit tok gak gelem natakne motor yo enak temen kerjone,2
po yo iso dikontrol nek manual wkwkwk,2
kalo acara 5k kaum pelajar keberatan,1
layo ngono mbokan moso parker motor 2k,2
pakai tas biar gampang bawa nya,2
luweh ikhlas duit sewu rongewu nggeh kang parkir tinimbang diakali nduwuran sing eneeeng ae carane gawe proposal alat eparkir ben amrih cair dana ne,1
mergone nek parkir eletronik kertase ora iso dirubah 2000 3000,2
loveâ kadang rencana ngasih 2rbu trus tau g dikembaliin malih g hehehehe,2
krungu krungu pasar lanang iku ameh digae parkiran mobil ngono min jane cocok lo kui,2
bagus menghindari parkir liar bayar liar,0
aq pilih elektronik ae min wis males ngadepi jukirâ² sg diwei sewu ditampani diwei rongewu ra dijujuli ayo dishub galakkan eparkir aja,2
diomongi jawabelione yo limang ewulak ra gelem bayarojo parkir ne kenepy trusan,0
poin pertanggung 3 seg podo ae gak wani tanggung kur njaluk pajak ndak masuk akal,0
pelatihan,1
orang yg menolak kemajuan mengeluarkan alasan yg ribet susah,0
gak tdk bismillah bisaaa,2
minkalau lapor ttg pembangunan jalan didesa gmna ya minsaya tinggal sawoo desa aja yg gak bangun jalan nya desa dbangun,1
regenerasi ae ga sihh,2
kalo pake motor mending bawa masuk gang ae kalo pake mobil ya resikonya parkir diliat gang,0
siji d kon ngno liane do ngaleh,0
seng dibayar teng dishub niku nggeh sampun target kaleh kantor e lo mas ng setoran e mawon nggeh golek i e wonge mas,2
eparking d pinggir jalan emang sulit g enak ruwet mending benerin lahan parkirnya biar jalur masuk jalur krn mudah dikerjain duluan tuh tahapannya masak mie didihkan airnya jgn langsung masukin mie nya lodoh,0
setujuu,2
panggah cilik seng gae susah,1
jenenge belajar ki yo alon2 urung2 wis sambat,2
biasane emg gt mas yaa tau ponorogo terobosan bayare pake qris,0
pakai uang tunai kak bayarnya,1
maaf setau sy klo jalan desa masuk cover dana desa jd lgsg kantor desa,2
adakan pelatihan jukirnya biar sat set das des gak ngantri kaya spbu tdk pelanggan parkir nyantai yg buru2 cepat drmh 7an,2
kesuwen dulung i 2 ewu e gek langsung cus,2
masookk,1
gae scan qr code qris wae mbayar e,0
kebnyakan tukang parkir ponorogo masuk toko tukang parkirjalan d parkir nya makan jalan separo,0
ndaraku ya ngono,1
setujjuuuu polll drpada baku hantam trus kro tukang parkirpas teko g enek sg nyambut pas arep muleh tukang parkir pdo kruyukâ² teko kyo laronn,1
lanjutkan eparking nya,2
ono ono wae saiki peraturan anyr dadak e parkir,2
bagusan e parkir dana yg masuk maksimal tp klau lhat tren pemerintah uang2 dr pendapatan pajak rawan d oknum2 jd aja intinya uang nya gak tau kmana,0
nek wes akeh hasile tulung ojo korup,0
mbayangne ae nek metu barangâ² seng teko barengâ² tukang parkir e kiroâ² polah e piye,0
enak e parkir aja tukang parkir yg ga ngapa in ehh uang wkwk,2
lucu,2
sing muni rumat rumit dicutik ae suwen,0
gk ribet nih min jal lek ruame,0
adaptasi,1
oke awakmu tim elektronik ya kak alesane kak,0
semangat perubahan,2
piye pek,1
data lengkapnya min,0
gae latihan lurr bn iso mumpuni sdm e,0
mbenjeng,1
hmmhehe pokok ora jotos jotosan,0
jane lk podo bingung mending mlaku ae,0
banaya piye kak,0
pas e parking 2 ribukemaren gak e parking 3 ribu,2
kakean rengkek min parkir 2000 ae bodo umek ae ngurusi kuii mbok tukang parkire djak ngurusi samlah sampah opo ditambahi pengahasilane ben karo nyapu ratan merwat bunga seng neng pinggur pinggir dalan kae gae wes enek patugase nyatane samlah yo sek numpuk neng endi endi,2
penak eparkir bayare parkir murah min,2
slidikono min duite melbu nng ndi kae,0
pokok padamu pakbu semerintah arep digawe pie ae sing ngene iki ttep manot,1
teknologi melebihi akal sehat 2023 ngurus surat2 nek kantor deso ae kon foto copy ektp kog parkir pake elektronic,2
nyekel parkir daerah ngendi mas,0
tetep kudu cak cek ben ga kesuwen nunggu,0
penak sing ndi jane kih,2
iki lo min seng gaene parkir ng sekolah lek mbayar mbenjeng mbenjeng ae,2
la nggeh to mbak bener jukir resmi iku ya e setor ya setorannya enak men bilang ngentit pendapatan daerah parkir pas acara kemarin kasih tarif mahal orang tukang parkir resmi,2
nahhh klo kaya gini enak jdi harga parkir ngga sndiri wkwk,2
coboy,1
nek arep mbayar angsuran harian piye bos nek wis ngono kui,2
halah dalan ombo digae sak arah mbasan wes sak arah mek gae parkerr marai macet tok,0
biasanenek uji coba iku bakale evaluasi formalitas negri konoha biasane ngunu,2
piye carane kuwi sing zuzah,0
kyok sistim gacoan surya swalayan bayar parkirnya kasir kebocoran tarif e podo tur ora dislewengke,0
motor diwalik e ora,2
mlio boro useln motor mobil sak e,1
dana bocor korupsi duwuran,1
wih 13471 selisih pinten niku,2
terobosan hebat alhamdulillah kota ide brillian tinggal kota dimana salah kota perasaan sejengkal tanah tukang parkir sampaisampai beli barang sepele aja ngga kebeli krn uang berkurang bayar parkir sanasini ngga setor pemerintah jujur motor hilang ngga ganti uang parkir utk kepentingan pribadi utk pengusaan lahan parkir jualbelinya nyampe ratusan juta milyaran hilangkan tukang parkir manual menjadijadi ganti dg eparkir uangnya utk menambah blt masyarakat miskin kasih cangkul sabit barokah parkir menyusahkan masyarakat parkir manual membantu masyarakat arah premanisme,0
sing durung kulina,2
e parkingo yo tetep mbayar mas marai ya iku lo mas fikirane bedo bedo mas pomokno tok a b c d sampek z urung temu bajune yo tetep bayar 1000 peng intine dilempit mawon mas kendraane,0
sabar mbak ben dibales si ng nduwur,2
maleh gk minat dolan rno min,2
ora iso ngentit,0
nyuwun sewu parkir pinggir jalan kados jalan hos niku tarif bayare pinten geh sakniki tirose enten sing roda 2 2000 roda 4 5000 nopo leres soale nembe dek wingi pas badene parkir mboten enten sing mapakne moso bade wasul langsung diparani gek bayar 5000 biasane disusuk i 2000 mboten nggeh leres menawi eparking dipun terap aken damel antisipasi pungli jukir meniko,0
ribet sg ribet kw kui wg djak penak kg angel negoro kog arep maju djak pnak ae modelan ngene ki sg garai ra maju2,0
no comment urusane pusat,1
aq bolone tukang parkir,2
fungsi trotoar pejalan kaki angkringan,1
parkir nang ngarep latansa duit 10rb arep ora disusukiduit e lebokne kantong lsgdikiro kene ra ngerti pd etok2 berpaling mukamboso dienteni duit etok2 digoleki seng 10rbdelalah nang tumbukan duite enek 10rbdi iya i wae trs agi disusuki,2
2000pyakeh kae sing 500010000,1
weh cash bon,2
,1
ngangge diamond mas,2
jukir nolak eparkir kene yo nolak mparkir podo nolak e akhire gk sido mbayar,0
weh piye ta e ditokne dhewe,1
agus yayat kecekel silop min,0
mas merka lahan yo mengupkan biaya parkir lo contoh raya poper luwes pcc lahan ya aji mumpung intinya smga dilncarkan riskinya sedekah parkir 1000 rupiah diwehne ngan ngnu diwei 1000 sek nesu parkir 2000 ora mbok wei susuk mesti muni matursuwun opo meneh seng mbok wei mbah mbah tuwk mesti ditambah ngantos ngatos mas mbak,2
alhamdullilah ponorogo maju mending kasih uang 2000 kasih kembalian,2
poneh montor dipapane ora agek didelehne wes diparani tukang parkir nyebrangne yo ora biangeten,1
nyuen nyuen i lakon,2
iki wã¬s arp event grbg surã¥ area alnâ² wajib eparking bã©n ora meresahkan,2
lhaa ndalahpodo sek ngenes awakmu wae parkir mobil ning ngarep pendopo ditarik 2000gek blas karcis ngono kui piye jal indonesia arep dijak maju angel to mbalek maneh nang sdm,0
gek arp d atur pye enh hemmm,1
ribet opo emang moh belajar padene ben mbalik manual meneh,2
sing dek mben nggremeng parkir larangkui lo ws kabulne ben reti nek parkir gur sewu,2
iya mba bpom ampuh strechmark bekas lahiran hilang memudar pakai produk,2
alasannya emang jukir setor uang pemda gak sesuai target kemarin yg matok 15k mobil lebaran,2
manual,1
umpama blonjone neng kono masgeg gowoo mobil trus parkir ngendi,0
mbok yo nng poper pisan kek i e parkingangger rono pas hariâ² parkire ngalahâ²no kota,1
kesuen butue ndang geret ndang sebrangne selak okeh sing ngantri gaeyanmu akeh noto motor harang,0
emang beneran ampuh nih mba udah bpom mba nihh,1
cocok,2
sing durung kulina penak e parking,2
y tukang parkir nolak y setorkan hasil beda,0
panggon e hospot ae buk ku bingong iki ndadak scan2 barang to minnn,0
piye kak penak sing ndi,2
enak eparking,0
lahan kususne kota lahane kusus rodok angelkakean omah dllgelem py parkir ombo neng lapangan kodimtrs acarane neng alun2,2
kesuen selak macet,0
jaman pasar malem wingiparkir ditekok i byar pinten paksak ikhlas e mboso diwei rongewu lek ngomng jane telungewu lo mbk,0
bner,1
laaaah ya tekan konoooo nele piye ta kih,1
asli br 3 pindah ktp dsni sprtinya org pasrah2 sajaini udh bertahun2 gada perubahan sm,0
lhadalaa,1
kono kono aturen ra mangan gapuro,0
sip lanjutkan,2
gak pake parkir berlanggan pake stikermenolak e parking emange jalane mbah mu,0
oo ponorogo yg kota reog ya daerah terkenal dng negeri balon nya,2
sing nek parkir mobil gede opo truk yo pikir kancane no ben ora ngebek i dalan ngono kae,2
emmm no komen mbk nopo nolak,0
lohla ra byr ki pydg eparkirmungkin lbh trtib lagilak bayar 2000 yo 2000krn wis dideteksi ama mesin tsbmungkin lo ya,2
lho emang yg bener parkir karcisnya karcis nggak pas parkir lha duit gelap,2
terbiasa ribet,0
garis bawahi tebali mengurangi penghasilan ya klo niat pakai eparking mbok iyo to jukir bimtek latih ben gak bingung,2
sing nolak2 kon prei ae dadi jukir,0
okeee awakmu tim elektronik ya kak ben tertib ya,1
suwen selak mlayu liyane,0
diajari penggunaan alat elektronik parking tp diajari parkir kendaraan yg,2
jukire sepuh,0
ribet eparking mending kasih fasilitas lahan khusus parkir biar gak parkir dipinggir jalan yg solutif gituloo,0
gak tau lahparkir manual seng ngentit jukirla ko gawe e parkir seng mangannek podo ora transparan yo ora ush wenei parkirwong duwe motormobil yo wis mbayar pajekkok yo sek mbayar parkiraneeehhh toooo,2
anu e mas parkir ng lapangan nko mlaku ng gon tujuan e puenak requestmu diluar nalar bmkg lahan e ndak ono full omah,2
sek durung terbiasa suwe2 karek merem iso,2
njaluk pemimpin e ora korupsi rakyate dewe hobine yo korupsi,0
trus kemana mas aturan perda sudh tapii urus sekrg parkirnya dilahan pemilik cnth didalam pizza hut iya bilang aturan perda la lahan la tempatku lo mas sya yo bayar pajak koyo gk ngerti ponrogo ae mas akua 2000 aji mumpung kadang yo didol 5000,2
ben,1
lanjutkan eparkingsampek berlaku tenanan pokokemengurangi parkir ilegalangger mandek endi enggon kenek parkir motor 2kbasamu wes nompo duite ditinggal ngalihmboko ditulisane motor 1ktetep dikon mbayar 2k,0
haha kandani kdg maune gk onok wayah arep ngalih muncul,1
jaman digital sdm ya upgrade tujuan pemkab modernisasi utk meminimalisir kebocoran pad bertambah,1
hla iyo lopo meneh jukir e sing tuwoâ² contone bapakkupiye trus an,1
nice,0
jalannya parkir telortoarnya jualanmantap,2
maar nih melenceng topik info obat penghilang strechmark,0
lhadalaaah mall pelayanan dudu mall blanjan,2
pas ono konser denny caknan karo mnc tv poro jukir iso gae ngredit motor ngertio difkir fkir sakjane yo mesakke dilain sisi greget yo lur,0
jane eparkir i cocok e gae lahan seh enek khusus parkir koyo mall toserba utowo pasar lek peruntukan gae lahan parkir terbukapinggir ratan i cocok soale mesti ribet tp lek manual ya sek akeh jukir seh nakal mboh bingung,0
terbiasa ribet,0
sek sek lha iki bayare gawe opo ta gess qris,1
seksek alesane ribet oke masuk akal tp nek penghasilan menurun aneh ya maleh,0
la ngono kwi mbayare pie moso ws gae alat kyo dc mbayare sik manualyo podo ae boong dongsak ora2ne gae kertu,0
memudahkan orangâ² cashless,2
klo alasannya berkurangnya pad daerah pasang aja banner âfoto viralkan jukir yg karcisâ udah gitu aja jukir ketar ketir ribet pake elektronik,2
eh sik sik pengahasilane yabukane wes digaji to minkok paham ak,1
siaaap awakmu tim elektronik ya kak,0
ribet cuk,0
meresahkan piye lur,0
rumit cuan nya 2kmotor skrng 1kmotor,0
naaah benul wis jajal eparkir durung kak,2
mohon tukang parkir kalok niat parkir,1
tp nek gonq seikhlase minimal sesuai perda tp jg ngono podo kesadarane seikhlase podo abotmalahan motor 5rb nang seputaran alunpodo gelem,0
pakku tuek min hpne 3315 gawene ngopi ng kno,0
main idea is good but the device needs more efficient,2
parkir gacoan sih uanehhhhh muesti ga enek uang kembalian muesti,0
barang opo wi,1
pergi kang parkir,0
lek raiso gawe alataplikasi ne ganti sg enom kualitas sdm updated,2
nek ra gelem dadi jukir munduro aenek maju2 keterak motor ngko,1
nek pama mlayu dhisik ngono piye,0
setuju bang,2
iyo yaa mba tuntut serba gaji guyonan tuntut serba canggih kaya raya miskin menderita umr aja ga imbangkan gaji pas pasan bener ncen mending capek kerja capek cari kerja yo mengkis nek kerja gaji dibawah ratarata semangat pejuang rupiah,0
coba kalo full model kayak e toll top up saldo tp mudahnya gak ribet jujul hehe btw bayar via sopipaygopay gak,2
halahh engko yo waleh gek mbalik parkir neh,1
lanjutkan,2
byuuuh giniya kene enek lho eneme padang,1
okai kak,2
giegerno ae,1
duduk seng nang latar e latansa lo yaseng dalan hoskan parkire dewe2 iku,1
team mlipir nyimak sek menowo isek enek celah,0
oh iyo ben macak kegawe anggaran e,2
i sdm rendah gawe ngonokan iki contohe,0
berdasarkan keputusan gubernur jawa timur nomor 188889kpts0132022 upah minimum kabupatenkota jawa timur 2023 upah minimum kabupaten ponorogo 2023 rp214970945 akeh bayaran sg sak ngisore iku biaya hidup e ng ponorogo jan tenan fasilitas sih apik yo iku pendapatan masyarakat e ben iso munggah iku kudu wehi solusi sek moco enek komen sg kecepeten 10 setuju iku inarat ne buta map,0
okeeeee,1
sing tenang kak,2
okaayy,2
ga berlaku,1
minn menawii dirimu ngerti dalan ngarep omahku kokk wenehi plang e dishub kiro2 opo selawase yaa minn lokasi rsu muhammadiyah tambak bayan ngulon minn,0
trus complain ng sopo ngene ki jal,0
digaji rakyat difasilitasi mewah rakyatmaka bekerjalah melayani rakyat permudahlah urusan rakyat dg kemampuan yg dimilikidg tehnologi yg canggihsesuaikan gaji fasilitas yg pejabat nikmati dg kemudahan fasilitas rakyat mudah adil,1
iyass,1
tenaga yg nganggur,2
ya ditolakdia gak duit tambhan pemasukandan rawan pungliklo sdh pungli preman,0
gasssss,1
parkir pcc aja dikelola ketiga,2
parkir neng etan alonâ² ki maeng dijaluki 2000 sikan min,2
enek sing luweh sekedar e yo iku ora ngilang nek pas parkir teko pas arep mbayar,2
kadang diwei 5 ewu gak jujul alasan gak ketok ngamal,1
gt bro mksd q ak kalo mtor dikasih 2rb diem aja pdhal dtmpat 1rb diem klo 2rb ad yg ngasih kmbalian kyk gak ikhlas gt lho berasa dipalak ajakalo setuju tarif aja yg dipinggir jalan,2
lawong pegel lo mas,0
iyaa kadang belanja keperluan gag parkir,2
panggah penak manual sat set,0
penghasilan berkurangpernah parkir motor salah ruas jalan hos cokroaminotosaya kasih 5ribuankok dijujuli 2000 aq yo nge gas tosejak parkir montor malih 3000 trus mbi jukir e dijujuli 3000 alasane salah ndudut duit,0
wkwk brharap parikir motor ponorogo jawa timur 1000kamin,2
okeee awakmu tim manual ya lur,0
ntar terbiasa butuh,0
ayok mas solo digae ngunu,2
enak pakai e parkir kayakny,2
bahu jalan parkir ya gak tertibkan garis sepadan jalan fasilitas parkir klo bahu jalan seakan uangnya fasilitasnya gak parkir jualan fasilitas tolong plisss pad sejalan peraturan,0
mambengi 3000 sak motor neng festival lur,0
makan rakyat makan wakil rakyat,0
semoga iso dadi apike kabeh,1
mugo2 alat eparkir kui iso setting parkir 10 menit gratiskejadian koyo awakmu ben ora terulang,2
berpendapat,1
okeeee kakak semangat,2
yuk yuuk,2
setuju,2
mening iki minjelas piro2 ne tarife la mso diweii sewu lambene mecocong ae,0
mugo ae nek khilangan tmpt parkir ganti 100 hehe,0
iyessetuju biar biaya parkir tarifnya jelaskadang gak dikasih kembalian,2
seribu brogua parkir mobil gua kasi 10ribu gua dikasi kembalian e kaburmending sistem langsung masuk kas daerah,0
lanjutkannnn,1
gak penak langsung ngewehi sewu panggahan,2
alhamdulilah semoga parkir alfa indomaret,2
kayane ya wis diwenehi lur ya butuh penyesuaian ya muga muga isa lancar,2
penak nk parkir ra sah bayartrus jukire digaji pemerintah ngono,2
iku masalahe ki nggur durung kulino ae,2
yoo diomongii aturane 1000 lo nek gak ngnu karo muleh butuhw diwei 5000 masaku ket jaman disek yo tekan 5000 parkire,0
sik tos sik,0
yo jukire wae seng ganti,2
alasan knapa muales lak kon metu2 mandek pirang nggon parkir e wes muni po mneh lak tmpat e rame saiki rata2 3k,0
lha iku ngoperasikan alate iku sing dicekel iku lho,1
ketok e gawe kartu sih koyo mlebu nek tol,0
tugase kui ngko nyapo min wes enek eparking sek dilibatkan,2
la aq karo anakq lo bos pdhl ankq numpak ng motor mlh ng surya byr parkir e ng kasir hdeh parah,0
simpel aja sih jalan bangun pemerintah ya apapun kegiatan diatas nya milik pemerintah sepenuh nya kejujuran transparansi,2
ponorogo hebat,0
udh tua bgaimna dongksiann ga ngrti gituan,0
ntar terbiasa butuh,0
sipbuat ngurangi pungli,1
laah tonggo ku ngono an,1
purwokerto banyumas parkir motor esih 1000,2
ak nang jepang min,1
bagus positif,2
koment ter cakeeep,1
semangat perubahan,2
nek ruwet pecat ae jukir e,1
wis ora melu saiki sing ngurusi kancane roy karo anak buahe agus yayat,0
kalo pakek eparking kena brpa permotor,0
tuku alat modern jalanan berlubang nambal gak,0
jukir berkompeten cekatan cak cek,1
semoga pengelola aplikasi dibayar kabur alasan korban dianggarkan,0
kakean polah dana pembangunan monumen reog pemerintahannya cari dana jalanan gt penggunaan eparking alokasikan emang lahan parking dipingir jalan gt,2
tau ngerti to duit 2000 2 ne dicoret dadi 3000,0
tiwas e parkir neng hos cokroaminoto mending e parkir e dikekne pasar legi lk luwih cocok,2
tukang parkir parah alun2 pilih parkir motor bayar 5000 opo ngaleh ra gelem ngalih o piye lo kiih,0
tujuan dr postingan iki yo ikueparkirutk lbh menertibkan parkirjd jgn mikirehalah mandak rong ewu ae kokla 2000 x loopo neh sing 5000 xbrapa kali lipat sdgkan yg kekota ora mesti arep ne alun2 tokkadang arep tuku klambipo neh pas bododilok neng toko atoko btoko cneng alun2mergo gak cocok pakianepiliane dllla kui ws muni lo parkirekadang mulih sik rung opo sing digolekimuk bayar2 pkr aja,2
intine lek noto amrih pemasukan daerah meningkat mengurangimeniadakan kebocoran oke oke wae imbal balike masyarakat meningkat,2
wehehe salah siji alesane enek e parkir kayane iku kak,0
rumit parkir pakai sistem elektronik urus korupsi yg 2 parkir 2000 motor mobil 50 000,0
koyo tau ra asing seng numpak montor kui,2
yg lahan ndiri dibahaskn yg dbhas td ttg etilangya jls yg hubnya dg pemda wakmisalnya yo parkir ne jln hosalun2,2
nyapo g gawe gedung parkir kei boom gate secure p centre park iss ngunu ngidul e gawe ya modif ben nyaman bayar e becak iku soko parkir retribusi parkir gedung moco 9 omset parkir iku ono akeh pilihan pembayaran gak gawe aplikasi maneh ngembek ngebek i hp tpi lek kur dilut parkir pinggir dalan ae limit 7 menit luwih soko iku angkut nang gedung parkir,2
ngurusi urusan sing gak urgent,0
lek kangelan gae alat elektronik ben digenteni cah2 ae iki wes akeh cah lulusan anyar podo nganggur,0
watduuuuh ngono ya,1
salfok karo tulisan parkir penitipan trus nk motore ilang karcis parkire gratis,2
oke siaaap ngono tertib,2
masyarakat ora menolak jukir tok sing nolak,0
isone mung ngewangi dungo pomo gawe e mugo ae bayare kang parkir iso d susaikne gk agal pas gk gwe karcis,2
sui sui kno e toilet barang iki ngko,1
lha kuwi sik uji coba lak sik hasil kayane,2
mlebu toilet gekne engising,0
jajal admine moro gawe video singkat pembayaran e parking ben kabeh ruh,0
arep komen bak e ws enek sng muni,1
bayar pakek gopaydana opo sopipay,2
praktik korupsi selisih 63 jutaan,0
aneh e,2
bayare pake opo min tf opo pake emoney,0
setoran e sesuai dishub ta e,2
jan ndak umom mas wkwkwk,2
ikhlas gag ikhlastp kejujuran perda dah ngatur tarif parkir tukang parkir dikasi 10ribu gag ngasi kembalian elektronik kerja sesuai sop yg,2
oh iya yg pake qris jakarta semoga aja ponorogo pake qris,1
ribet penghasilan jukir berkurang drastis ayoo gas kemajuan eperkir aja,0
kalo persulit permudah auk ah elap,1
laiyoo mayan ya 5 ewu kenek gawe tuku jus opo pentol goreng wkwkw,0
truspajak meningkat fasilitas meningkat jg nggih,0
alah gabisa korup kalo pake eparkir,0
ya kaboten setor jugakan jukir ndk indo kebanyakan berumurya kalo berumur sekolah ndak papa baca lha kalo dak sekolah ya kasian,2
ruwet kudune cah nom sing neng nduwur ki iso ngerteni kondisi masyarakat ponorogo nek terapne ngono kui iso mlaku pora ojo gur golek rai ide sing gawe ruwet tulung ojo golek rai,0
yok iso yok kuto kuto gede wes lumrah banget eparkir saiki gilirane ponorogo iso nyusul ketertinggalan,2
parkir liar lahan basah orang malas,0
sipp maju,1
pemerintah yo kudu ngomongi tukang parkire kerjone ojo mung nompo duite tok njogo lan merapikan kendaraan sing tenanan lan ngarahne kendaraan sing arep mlebu metu,0
kampungan,0
rodok bahaya lek iki,0
mbok ngnoooo ben parkir motor gak 2rb,2
ya allah,2
shodaqoh ng masjid ae maton drpd shodaqoh tp grundel mslhnya brg gk pakek parkir maton prayo malih grundel,2
wkwkwk parkir e akeh yo adek lahan parkir piye masuk ra,0
tu klo ga ditindak lanjutin ga adil,2
penak eparkir pengalamanku bayar sesuai aturan kenek plilikan mripate tukang parkir ngono ngueece karo ngguyuarep taat aturan susyah tenan,2
iyaa iya mba bpom ampuh nih strechmark bekas lahiran hilang memudar pakai produk,2
rumit kali ytta,0
ijen gawene losss,0
setujuopo meneh sing gaene blojo bahan kadang toko satune kosong pindah toko liyanesik kas sak nyuk an ae parkir barang sing goleki durung,0
rumit tpi penghasilan meraka berkurang,0
wes ketebak endinge,1
awakmu tim kak manual elektronik,0
,1
seng sabar ya jukir,2
payung ngarepe smp6 kae iso nganti dicem,1
kesepakatane podo nolak la ngene akhire,2
mugo2 dudu mung alesan nek penghasile berkurang gara2 setoran e neng dishub akeh wkwkwk,0
pakai ecard aja lgsung tempel gtu,1
blas ketoke min,0
â blm prnah liat sistem parkiran mall kah,0
ya edukasi ae titik ribet te ae lek wes berlajalan sistem e yo mempermudah e,0
bolak minn,1
pelatihan,1
heheh enek sing berpendapat soale wayah ngurusi sing arep metu 2 sing siji urung kecandhak wis mlayu dhisik mungking ngono,0
panggah mawut,1
coba kalo full model kayak e toll top up saldo tp mudahnya gak ribet jujul hehe btw bayar via sopipaygopay gak,2
up,1
parkir alon alon timur pizza hut 10 ribu 10 ribu kali brapa ratus mobil hasilnya ngerti dewe,0
hooh sih bener lhaaaa dadi awakmu tim manual parkir kak,0
iki sak eroh ku lo ya teko kuto sing wis ono eparking gak ribet pembayarane soale g atek duwek ngetap kartu luwih higienis luwih tertib pembayarane soale tertera area ne ugo tukang parkir penghasilane luwih iso dijagakno soale digajibln paham karepe podoâ² enake awake dewe pemakai jasa parkir jukir lan pemkab masalahe saiki ponorogo wis tah gawe ngelaksanakno sosialisasi opo wis masyarakat kabeh ngerti gawe rambu ae dadak sik ngenteni kejadian marka jalan akeh sing durung dibenah garis hilangpudar owalah ojo grusa grusu,0
mesakne jukir seng tuek gak paham gawe kui,2
bayare tetep gae tunai min,1
wkwkwwkmlahan,1
iya sih ya tau og golek barang ndak ya kudu shodaqoh sing sabar kak ben lancar rejekine,2
alhamdulilah semangat gak bayar eparking kalo baiklah lihat terimakasih waalaikumsalam,2
peningkatannya yg nya masuk jukir tuh,0
menolak penghasilannya gak kelong akeh,0
mlampah wae nek mboten purun parkir ngono wae og bingung,2
aji mumpung to maktrs gunane perdabisa diubah trgantung sikongt to,2
lanjutkan e parkir â biar pad,1
ribet blm terbiasa jukirnya ber umurjadinya gaptek,0
bernasib karo etilang,1
naaaaah iku sik uji coba bakale dievaluasi sik,2
ribet komen ndk msuknakal mending diam,0
aq eling ngono pegel ae bos wes susu gk kelangan bayar parkir kono kene,0
wealah zuzah nek ngono,1
ksuwen,1
kebiasaan 2 ribu dapetnya,1
sik urung parkir,0
sek mending mba 3 rb pas rme rme e 5rb wkk,2
ngakak,2
iki pakai karcis nek sadurunge manualan akeh sing ora ta masaku kabeh mandaran,1
keras men ajae mbak,0
watduuuh lha piye penake kak,1
chuaks,1
lhadalaaah,1
mempersulit tukang parkir yg sdh sepuh,0
r ndwe e money,1
iya eparking aja karna lbih tertib ga marai emosi soale marai emosi jukirâ² sg diwei 1000 tpi ra gelem nampani meksoâ² kon 2rb sdangkan disaat ra enek duit receh eparking emng butuh sosialisasi penggunaan seiring brjalannya terbiasa,2
juru parkir sing meresahkan yoiku bayar 2 ribu gak disusuki bayar sewu gak diseberangne sakjane aturan parkir terbaru piro ya,2
