,Username,Comment Text
1,riyanatkinson,"@ricardo_kneff kalau di jakarta e parking biasanya pakai e money, flazz, brizzi, kartu2 yg buat masuk tol itu"
2,aeldy.rn,"Bayar pakek gopay,dana opo sopipay?"
3,tatan.t,Pembayaran paling gampang Jane gae Qris😂
4,bandar_absyar,Kalau gak di mulai tdk akan pernah mulai.. bismillah bisaaa..
5,betina__gemoy,Wkwk brharap parikir motor di seluruh Ponorogo Jawa Timur. 1000k🙌😂amin
6,dhikakwardani,@frida_jemprit love…kadang rencana mau ngasih 2rbu trus tau g dikembaliin malih g jadi. Hehehehe
7,frida_jemprit,"@dhikakwardani  Inggih ,, kadang kita kaum ibu2 mau belanja tdk di tempat itu saja ,, jadi klo di 5 tempat sudah 10 rb sendiri ,,"
8,shellasritrisniawati,@aldyn.rn Pakai uang tunai bisa kak bayarnya
9,yanyunayamponorogo,Ponorogo hebat
10,mbak_hess,@frida_jemprit bener😢
11,mbak_hess,Mantull
12,adhisthanadwijaaji,Sing penting parkire rapi..
13,gustavianooo,#VALUE!
14,itsmeolv_,"Mbok ngnoooo, ben parkir motor gak 2rb"
15,tamanbanyukencanawatublencong,Purwokerto banyumas parkir motor esih 1000
16,syahjulian_,@gustavianooo si paling SDM
17,syahjulian_,
18,he_rmawanandre,"Poin pertanggung jawaban ke 3 kok seg podo ae , gak wani tanggung jawab kur njaluk pajak . Ndak masuk akal"
19,richardimm_,"@gustavianooo jajal 10tahun kas, tibake sdm e sek podo"
20,ndy.miella_,Saya suka konsep ini 👏 perlahan-lahan Ponorogo menuju go digital
21,gustavianooo,@julia.nsyahputra si paling satir
22,gustavianooo,@rchrdimm_ chuaks 🤣
23,vxniiiaa,mesakne jukir seng tuek pak gak paham gawe kui
24,ayupesek95,Baguslah seperti ini jd kan gak merugikan masyarakat kecil… gak sesuka hati kasih tarif padahal udh ada peraturan yg di tulis di jalan2 berapa2 parkir motor dan mobil…
25,angga_rmx22,layo ngono mbokan moso parker motor 2k 😂
26,ricki_re,@wong_heloss25 nguyoh ae 2000 kok ngasi parkir 1000😂😂😂😂
27,zuaruddin,"@gustavianooo dijak maju gk gelem, ngko e-parking wes jalan gnti komen ""mbok yo ngne ket biyen"" 🙈"
28,ricardo_kneff,@riyanatkinson biasane emg gt mas.. yaa siapa tau ponorogo mau buat terobosan bayare pake Qris 😂😂
29,gustavianooo,@zuaruddin gak bakal 🤣 penak langsung ngewehi sewu panggahan
30,wildanhikmawan_,"Berdasarkan Keputusan Gubernur Jawa Timur Nomor 188/889/KPTS/013/2022 tentang Upah Minimum Kabupaten/Kota Di Jawa Timur Tahun 2023 Upah Minimum Kabupaten Ponorogo Tahun 2023 Rp.2.149.709,45 . TAPI AKEH BAYARAN SG SAK NGISORE IKU, TAPI BIAYA HIDUP E NG PONOROGO JAN TENAN. FASILITAS SIH APIK, TAPI YO IKU, PENDAPATAN MASYARAKAT E BEN ISO MUNGGAH IKU KUDU DI WEHI SOLUSI SEK. AKU MOCO ENEK KOMEN SG KECEPETEN 10 TAHUN. AKU SETUJU IKU. INARAT KATA NE. BUTA MAP.🙂🙏"
31,wildanhikmawan_,@gustavianooo setujuu
32,inutee.fey,"SETUJU POLL MIN, ben pak* tukang parkir i ogak sak kuarepe dw . tandang wegah bayar 2000 . jane ra sepiro sih tapi lek nyatane kendaraan e awakdewe ra diamankan ki ngwei duit parkir ki yo marai mangkel"
33,dhikakwardani,@frida_jemprit nggih leres setuju aku
34,denyamalia,Mening Iki min..jelas piro2 ne tarife la MSO diweii Sewu lambene mecocong AE 😂
35,off_acc0unt2,1 arah tapi sempit #ponorogo hebat
36,riyanatkinson,"@ricardo_kneff oh iya ada yg pake Qris juga di Jakarta, semoga aja di ponorogo bisa pake Qris juga😂"
37,ramangabdulazis,"😂 wong"" i SDM rendah kok gawe ngonokan 😂 @gilangpratama551 Iki contohe"
38,cntrmo,@ricardo_kneff ngangge diamond mas
39,ricardo_kneff,@booh_wah masookk😂😂
40,teguh_prasetyo188,Sing dek mben nggremeng parkir larang.kui lo ws di kabulne ben reti nek parkir gur sewu.
41,zahira_belva,"@frida_jemprit pernah tak kasih 1rb koin minta lagi sambil ngomel2,, ini masih lumayan belum tua.biasa kalo tukang parkir tua malah tak kasih lebih."
42,ifthon._,bagus lah .. positif ...
43,friska.ioo,Parkir neng etan alon² ki maeng dijaluki 2000 sik'an min.. 🙌
44,alirahmanta,Taman tengah jalan sangat mengganggu di tambah bahu jalan buat parkir jalan terwagu
45,dimsro,"Salfok karo tulisan : PARKIR BUKAN PENITIPAN , trus nk motore ilang karcis parkire gratis"
46,shinta_anf,@wildanhikmawan_ iyo yaa mba. Di tuntut serba bisa tapi gaji guyonan. Di tuntut serba canggih. Tapi yang kaya makin raya. Yang miskin makin menderita. UMR aja ga di imbangkan. Gaji pas pasan. Bener ncen mending capek kerja daripada capek cari kerja. Tapi yo mengkis dua nek kerja dengan gaji dibawah ratarata. Semangat pejuang rupiah💪🏻
47,roufyasmien13,"Bagus ini,, menghindari adanya parkir liar bayar liar"
48,andry.agustya,Bayar bisa pake cash bisa pake e-money kedepannya itu..
49,srikaya_mas,Setuju🔥🔥
50,erda_kc,Up
51,ricardo_kneff,bayare pake opo min?? tf opo pake emoney?
52,ambonzxz,Payung ngarepe smp6 kae iso nganti dicem
53,jalanpulangq,Digaji rakyat difasilitasi mewah oleh rakyat.maka bekerjalah melayani rakyat. permudahlah urusan rakyat dg kemampuan yg dimiliki.dg tehnologi yg semakin canggih.sesuaikan lah gaji dan fasilitas yg para pejabat nikmati dg memberi kan kemudahan fasilitas rakyat secara mudah dan  adil bagi semua
54,saidrosyadii,Sipp mulai maju 👏
55,zumaroqoirul,@ricardo_kneff jajal admine @ponorogo.update moro gawe video singkat pembayaran e parking . ben kabeh ruh .😂
56,gek__eva,
57,ponorogo.update,@akangzuma 😂 siap
58,chynsd_,"Sisan pak dalane raya didandani, terutama kecamatan² pelosok"
59,adibaskome,"Seumpama itu mertamu masuk gang dan parkirnya didepan toko, apa harus ada biaya parkir ?"
60,gustavianooo,Aneh aneh ae. Genah SDM e sek koyok ngene og 🤣🤣 kecepeten 10 taun
61,mrluckym4n,😂 Panggah Mawut
62,frida_jemprit,"Alhamdullilah ponorogo mulai maju ,, mending seperti ini soalnya saya sering di kasih uang 2000 tidak di kasih kembalian"
63,justt.ndyy,"@adibaskome kalo pake motor mending di bawa masuk gang ae, kalo pake mobil ya itu resikonya parkir diliat gang 😂"
64,yoestiagustina,Yuk bisa yuuk
65,bayu_fikri_,"@ricardo_kneff ketok e gawe kartu sih, koyo mlebu nek tol"
66,bayu_fikri_,"@gustavianooo jajal sek ae mas, kan mengko kenek dikaji meneh cocok opo orane metode parkir ngono iku"
67,agungyuliyantonugroho,Sip...buat ngurangi pungli
68,naawae_80,"halahh paling engko yo waleh, gek mbalik parkir biasa neh 🥱🥱🥱"
69,infoponorogo,@ramangabdulazis wealah nah ngono digenahne😂
70,agushd_pg,@as37s7 gae latihan lurr.. Bn iso mumpuni sdm e
71,anjar_ao,@infoponorogo huahuahuahahahaha😂
72,r.mas_sai,"Parkir e ojo neng pinggir ndalan, tengah"" sisan gek dipalang ne ngunu ae genio😂"
73,infoponorogo,@r.mas_sai lah lah lah😂
74,infoponorogo,@naawae_80 lhadalaaah😂
75,infoponorogo,@agush_zheng nah hehe🔥🔥🔥
76,infoponorogo,@anjar_ao 😂😂😂😂😂😂
77,infoponorogo,@alditawalida06_ kenal karo sing ndi😂
78,r.mas_sai,"@infoponorogo wong mlio boro kok usel""n motor mobil sak wong"" e😂"
79,jedar_jedor,genah eeee min sg parkir mbayar piro...mudengku koq angel menn😂😂
80,dikadap_,Ape parkir e dadak di ruet barang😢
81,rapi.itsunana,@sangaji_w4 parkir e mbayar nopo mboten pak
82,dwiprakoso76,@zazux_yeye setujuuuuu….hilangkan tukang parkir
83,road1nashwalk,Kesuwen ky pom gak kui ngko riii @nuret800
84,ganalprayogo,@ramaakukuh jan ndak umom mas wkwkwk
85,muhammad.kamilin,@infoponorogo slidikono min duite melbu nng ndi kae 😂
86,baguzfernanda,E-warteg gk enek to min 😂
87,sa_muel6236,Terus nek arep mbayar angsuran harian piye bos.... Nek wis ngono kui...
88,infoponorogo,@r.mas_sai 😂piye ta kih
89,infoponorogo,@baguzfernanda byuuuh giniya😂 kene apa enek lho eneme padang😂
90,infoponorogo,@sa_muel6236 lhaaaa😮
91,infoponorogo,@jedar_jedor sik aku urung parkir😂
92,zazux_yeye,@ shodaqoh ng masjid ae maton. Drpd shodaqoh tp grundel. Mslhnya brg gk oleh pakek parkir maton. Prayo malih grundel😂😂
93,zazux_yeye,@ jane yo ngono karepku. Wong yo asline gk onok gunane. Parkir yo mapakne dw. Pas arep ngalih jaluk duit.
94,dwiprakoso76,@zazux_yeye setujuuuu
95,anggamango,"Ruwet""... Kudune cah"" nom sing neng nduwur ki iso ngerteni kondisi masyarakat ponorogo nek kok terapne ngono kui iso mlaku pora.. Ojo gur golek rai dengan ide"" sing malah gawe ruwet... TULUNG OJO GOLEK RAI @infoponorogo"
96,fatria_asmara_,"Tetep kudu cak cek, ben ga kesuwen nunggu 😁"
97,agustk21,Tukang Parkir sing ra enek karcise 2k trus ra gelem noto ruh ruh nagih auto ketar ketir
98,ajmln,"Penting gelem natakne motor, iso2 ngewei kerdus ben gak kepanasen motor e. Nek gur moro2 nagih duit tok gak gelem natakne motor, yo enak temen kerjone."
99,zazux_yeye,@dwiprakoso76 trus complain ng sopo ngene ki jal.... 🤣🤣🤣
100,_dianelss,Panggon e hospot ae buk ku bingong iki kok ndadak scan2 barang to minnn😢
101,ronaldandreass,Kesuen selak macet
102,muhamd.maghfur,@zazux_yeye mugo2 alat e-parkir kui iso di setting (parkir kurang dari 10 menit gratis)...kejadian koyo awakmu ben ora terulang
103,teberagil,Ksuwen😭
104,alvuadu,Ayok mas @gibran_rakabuming solo digae ngunu
105,defernandaa_,@zufaraa malih dadi selebgram ngene tibake
106,harymatika,"Juru parkir sing meresahkan yoiku bayar 2 ribu gak disusuki, bayar sewu gak diseberangne. Sakjane aturan parkir terbaru piro ya?"
107,maya.mitha,"Halah, dalan ombo"" Digae sak arah mbasan wes sak arah mek gae parkerr.. Marai macet tok 🥴"
108,dimasroby,"Mari iki tuku rokok utilan gae aplikasi, golek pangan wes angel, lakon dadak di ngel ngel , raine parkir wae dadak uthek hp, gathel po py"
109,ajisetyowidodo,Mlebu toilet di gekne E-ngising
110,ervhaa17,Mempersulit tukang parkir yg sdh sepuh😪
111,dickymaulana_mtwk,"Aku datang tidak ada ,aku pergi ada - ""kang parkir"""
112,info_skandal.selebgram,"kesuwen, dulung i 2 ewu e gek langsung cus"
113,pakcikpower15,"Pokok aku padamu pak/bu semerintah, arep digawe pie ae sing  ngene"" iki ttep bakalan manot 🔥"
114,erda_kc,Siji d kon ngno... Liane do ngaleh...
115,khapika_chu,@zazux_yeye poneh montor dipapane ora agek didelehne wes diparani tukang parkir nyebrangne yo ora.. biangeten
116,zazux_yeye,"@ haha.. Kandani kok. Kdg maune  gk onok wayah arep ngalih muncul tiba""😁😭"
117,zazux_yeye,"@muhamaghfur yo mugo"" ae. La nk minimal 10mnit ngono yo gpopo.bareng 5mnit ae msok yo kon byr parkir. Malah ng surya bayar parkir ng kasir. Hdeh.."
118,hary.kurni4,"Setujjuuuu polll ,,,drpada baku hantam trus kro tukang parkir,,pas teko g enek sg nyambut pas arep muleh tukang parkir pdo kruyuk² teko kyo laronn"
119,ramangabdulazis,Ribet cuk
120,dimasak_,"@infoponorogo krungu krungu pasar lanang iku ameh digae parkiran mobil ngono min, jane cocok lo kui"
121,infoponorogo,@zazux_yeye wah iya sih tapi piye ya kak? Bingungne terah😮 gawa kanca wae kak kon nek motor😅
122,infoponorogo,@hana_kuifei ndaraku ya ngono 😂
123,infoponorogo,@iwan_charisma sing durung kulina😂
124,infoponorogo,@hary.kurni4 meresahkan piye lur? 😮
125,infoponorogo,@harry_hore watduuuh lha piye penake kak😂
126,infoponorogo,@ramaakukuh lah lah laaaah kok ya tekan konoooo nele piye ta kih😂
127,infoponorogo,"@ramangabdulazis sing durung kulina paling, penak biasa apa e parking? 😂"
128,infoponorogo,@hary.kurni4 wkwkwkwk masa tau arep baku hantam😂😂😂
129,gendondjadoel,Lho emang yg bener begitu.. Semua parkir harus ada karcisnya.. Selama ini kalian dapat Karcis nggak pas parkir??? Lha itu duit gelap semua
130,infoponorogo,@gendondjadoel waah ini baru🔥🔥🔥😂😂
131,ramangabdulazis,@infoponorogo pakku tuek min hpne 3315 gawene ngopi Ng kno 🤣
132,zazux_yeye,La aq Karo anakq lo bos. Pdhl ankq numpak ng motor. Mlh ng surya byr parkir e ng kasir. Hdeh.. Parah.
133,ziyamlabela,Suwen selak mlayu liyane 😂
134,infoponorogo,@zazux_yeye wah 😮 wealah zuzah nek ngono
135,infoponorogo,@dimasak_ wealah jare arep dadi taman terus Mall Pelayanan Public terus arep dadi parkiran malahan saiki😂😂😂lika liku pasar lanang
136,infoponorogo,@ramangabdulazis wealah sih ngendi nek ngopi😂😂 ya karo kowe apa ora?
137,infoponorogo,@ziyamlabela nek pama mlayu dhisik ngono piye? 😂
138,ramangabdulazis,@infoponorogo Ijen gawene losss 🤭
139,muhammad.kamilin,"Terus tugase kui ngko nyapo min, wes enek e-parking kok sek dilibatkan ?"
140,adilaarp,sangat memudahkan sekali bagi orang² yang cashless
141,infoponorogo,@adilaarp weh ngono ya kak🔥🔥
142,infoponorogo,@muhammad.kamilin lha iku ngoperasikan alate iku sing dicekel iku lho paling 😅
143,infoponorogo,@ramangabdulazis weh piye ta pak e ditokne dhewe😂
144,ulya_nur_r22,"Wong arep muleh e kok dadak antri , , tuku besin e antrine ws koyo emboh tambai kui neh"
145,melisadwi.a,@_noveliayy piye pek?
146,infoponorogo,@ulya_nur_r22 sing tenang kak😂
147,infoponorogo,@melisadwi.a piye kak penak sing ndi😁😁
148,mast_echooooooo,Mbayangne ae ... Nek metu barang² seng teko bareng² 😂😂 tukang parkir e kiro² polah e piye 😂😂
149,lksworo,@bagassnugrh nyekel parkir daerah ngendi mas?
150,mast_echooooooo,@dimasak_  umpama blonjone neng kono mas...geg gowoo mobil... Trus parkir ngendi 😂😂
151,alfian.ahmd,Kesuen . . . Butue ndang di geret pak ndang di sebrangne selak okeh sing ngantri gaeyanmu akeh Noto motor harang 😂
152,zufaraa,@ramaakukuh beh kaget
153,zazux_yeye,aq eling ngono pegel ae bos. Wes susu gk oleh malah kelangan bayar parkir kono kene😭
154,tambur_ae,Gek arp d atur pye enh hemmm..
155,infoponorogo,@mast_echooooooo lhadalaaah😂 mall pelayanan dudu mall blanjan😂
156,infoponorogo,@alfian.ahmd 😂😂😂😂penak sing ndi jane kih😂
157,infoponorogo,@mast_echooooooo waduh😂😂😂
158,infoponorogo,@tambur_ae dijajal paling 😁
159,muhammad.kamilin,@infoponorogo 😂. Siji ae min lek iso samsat kae gratis parkir e
160,ramangabdulazis,@infoponorogo ak Nang Jepang min
161,bayusimex,Gae scan QR code QRIS wae mbayar e 🤣🤣
162,_noveliay,@melisadwi oke deh rpp onok kemajuan🤣🤣
163,anjar_ao,"Team mlipir nyimak sek , menowo isek enek celah 😂😂"
164,infoponorogo,"@zazux_yeye iya sih aku ya tau og golek barang ndak oleh, ya kudu shodaqoh 😁 sing sabar kak ben lancar rejekine.."
165,infoponorogo,@bayusimex watduuuuh ngono ya malahan😂
166,infoponorogo,@anjar_ao sik tos sik 😂
167,infoponorogo,@muhammad.kamilin wah piye carane kuwi sing zuzah😂
168,nadarulhuda_suluhagama,"Sek...sek.... Kalau alesane ribet oke lah masuk akal, tp nek penghasilan menurun kok aneh ya. Kan maleh ............."
169,pfs_007,@infoponorogo Biasane...nek uji coba iku bakale lanjut. Evaluasi hanya formalitas.. 😆😁😄 Negri Konoha biasane ngunu.
170,reelfaiz,"Penak e-parkir. Pengalamanku bayar sesuai aturan malah kenek plilikan mripate tukang parkir, ngono ngueece karo ngguyu..arep taat aturan susyah tenan.😂"
171,infoponorogo,@rezaelfaiz lhaaa😂
172,infoponorogo,@al_wildd hmm🤔🤔🤔hehe pokok ora jotos jotosan😂
173,infoponorogo,@advokat_nadarulhuda heheh😁 enek sing berpendapat soale wayah ngurusi sing arep metu 2 sing siji urung kecandhak wis mlayu dhisik mungking ngono😂
174,infoponorogo,@mast_echooooooo okeeeee🔥🔥🔥😂
175,pfs_007,@infoponorogo Semoga saja. Iso dadi apike kabeh..
176,infoponorogo,@rmzlahmad.dr wah lha menurut Kadesnya gimana kak? Apakah ndak ada info awal?
177,aqwam.nasimbada,@dilaga_745 po yo iso dikontrol nek manual .wkwkwk
178,aqwam.nasimbada,mugo2 dudu mung alesan nek penghasile berkurang gara2 setoran e neng dishub akeh wkwkwk
179,renataelvina,Ono ono wae saiki peraturan anyr dadak e parkir
180,dem_met33,Penak ra penak min
181,_renggananda,Intine gelem maju opo mundur?
182,romantriz,Parkir di PCC aja dikelola pihak ketiga 😊
183,muhamd.maghfur,"Jaman digital, SDM ya harus di upgrade. Tujuan pemkab memang modernisasi dan utk meminimalisir ""kebocoran"" agar PAD bertambah."
184,eline_xiandhia,"Yg jlas perlu ditertibkan jukir"" yg ngentolan... 🔥🔥🔥Udh jlas trtulis di PERDA tarif  parkir itu brp.... Bukan seenak dia, E parkir sbnrnya bagus... Akan mudah bila udh terbiasa..... Menghindari kebocoran PAD jg... Yuk maju yuk.. Pasti bisa... PONOROGO HEBAT 😍😍"
185,muhamd.maghfur,"@rmzlahmad.dr maaf setau sy klo jalan desa masuk cover dana desa, jd lgsg tanya ke kantor desa."
186,rmzlahmad.dr,@rmzlahmad.dr desa nya lagi kasus masalah pungli pak..ini heran. Jalan masuk ke desa2 yg lain sudah semen semua . Kerumah saya aja yg belom..
187,rmzlahmad.dr,@muhamd.maghfur saya bukan asli sini. Br 3 bulan pindah ktp dsni. Sprtinya org disini pasrah2 saja..ini udh bertahun2 gada perubahan sm sekali
188,rmzlahmad.dr,@infoponorogo info awal sejak sblm pandemi. Katanya mau dibangun. Sampai sekrg blm ad perubahan sm sekali..
189,clpt.gtgg_,"Manual tech ,, dadak gae noz barang"
190,clpt.gtgg_,Giegerno ae 😂😂
191,nizarkurangturu_,@infoponorogo bolak balik minn😂
192,gusrori1,Jane lk podo bingung mending mlaku ae.
193,septianpamungkas.png,@infoponorogo blas ketoke min 😂
194,septianpamungkas.png,"@infoponorogo isone mung ngewangi dungo, pomo gawe E mugo ae bayare kang parkir iso d susaikne walaupun gk se agal pas gk gwe karcis 🫣"
195,hantoro_krista,😂menolak karena penghasilannya gak besar lagi (kelong akeh)
196,angry_bud,"Iso lah, jaman semakin berkembang. kabeh2 serba elektronik. Jd yo kudu adaptasi"
197,dwi_yulia,Penak e-parkir.. bayare parkir murah min
198,mohamadaxel,"enak e - parkir aja, apalagi biasanya ada tukang parkir yg ga ngapa"" in ehh minta uang wkwk"
199,anang_pr19,"Wes kono"" lurr, piye karepe"
200,arkhasewandono,"Jukir nolak e-parkir kene yo nolak m-parkir, podo nolak e akhire gk sido mbayar 😂😂😂"
201,ajudannnn,"Klo memang alasannya berkurangnya PAD daerah, pasang aja banner “foto dan viralkan jukir yg tidak memberi karcis” udah gitu aja jukir ketar ketir. Daripada ribet pake elektronik. 😂😂"
202,ajudannnn,@ajudannnn alasannya kan emang karena selama ini jukir setor uang ke pemda gak sesuai target. Mana kemarin ada yg matok 15k per mobil waktu lebaran
203,karya_dx,"@dilaga_745 kyok sistim di gacoan sama Surya swalayan bayar parkirnya di kasir, agar tidak ada KEBOCORAN, tarif e Podo, tur ora dislewengke.."
204,sinyo_permana,"@dilaga_745 jangan seribu bro,gua parkir mobil gua kasi 10ribu gua kira dikasi kembalian e malah kabur,mending sistem langsung masuk kas daerah"
205,ruvizuana,"Lek kangelan gae alat elektronik, ben digenteni cah2 ae pak, iki wes akeh cah lulusan anyar podo nganggur"
206,infoponorogo,@ruvizuana lhadalaa 😂
207,dilaga_745,@karya_dx la itu lebih baik
208,karya_dx,"@sinyo_permana kyk gak ikhlas GT ya, terkesan maksa kyk maling, kalo di BCA saya kasih 2rb masih dikasih kembalian 1rb, kalo ditempat lain sekitaran HOS Cokroaminoto itu sering gak dikasih kembalian, bahkan saya pernah di daerah Balong dikasih 2rb jg ga dikasih kembalian,"
209,sinyo_permana,"@karya_dx ini bukan masalah ikhlas gag ikhlas,tp masalah kejujuran.... PERDA dah ngatur tarif parkir masa tukang parkir dikasi 10ribu gag ngasi kembalian🤣🤣🤣🤣 makanya dibuat elektronik supaya kerja itu sesuai SOP yg ada🙏🏻"
210,karya_dx,"@sinyo_permana bukan GT bro mksd q ak kalo mtor dikasih 2rb diem aja pdhal dtmpat lain 1rb diem/ klo 2rb masih ad yg mau ngasih kmbalian, rasanya kyk gak ikhlas GT lho, berasa dipalak aja,,kalo saya setuju dibuat satu tarif aja buat yg dipinggir jalan"
211,ayubsimone,Tiwas e parkir neng hos cokroaminoto mending e parkir e dikekne pasar legi lk luwih cocok
212,super_keju21,Panggah wong cilik seng di gae susah.. 😂😂😂😂
213,kapringga,Mesti lek gae aturan terlalu mendadak dadi keteteran opo meneh wong tuek umur 50th wes gak nutut
214,singgih_dwi_hs,"Bagusan e parkir, dana yg masuk bisa maksimal, tp klau lhat tren pemerintah saat ini uang2 dr pendapatan pajak rawan d gunakan oknum2. Jd sama aja intinya uang nya gak tau kmana😂"
215,tuludnah,"""Mengurangi Penghasilan""? 😂😂😂😂 ketoro jukir nakal"
216,rdwnardian_,Tukang parkir paling parah sekitar alun2.. 😂 Pilih parkir motor bayar 5000 opo ngaleh? Ra gelem ngalih o.. piye lo kiih
217,davidferdy,@dilaga_745 mambengi 3000 sak motor neng festival lur😂
218,infoponorogo,"@septianpamungkas.png iki mulai pakai karcis, nek sadurunge manualan akeh sing ora ta masaku apa kabeh mandaran? 😅"
219,infoponorogo,@bgsskw okeeee kakak semangat😂
220,infoponorogo,"@fatkurphotography wis ora melu, saiki sing ngurusi kancane Roy karo anak buahe Agus Yayat😂"
221,infoponorogo,Oke siaaap🔥🔥🔥 nah ngono tertib😂
222,nunu.sgt,"Aq pilih elektronik ae min... wis males ngadepi jukir² sg diwei sewu ditampani, diwei rongewu ra dijujuli😂 . Ayo pak dishub @dishubpng galakkan e-parkir aja"
223,infoponorogo,"@nunu.sgt okeee awakmu tim elektronik ya kak, ben tertib ya😁"
224,fakhmiky,"Sek proses luurr jenenge perubahan jaman kabeh kudu siap dan beradaptasi, e-parkir sy sangat setuju disatu sisi jelas muaranya dan tdk ada pengentolan harga parkir😁…"
225,ryssangpratama,"Minn , menawii dirimu ngerti , dalan ngarep omahku kokk di wenehi plang e DISHUB , kiro2 sementara opo selawase yaa minn ... Lokasi RSU MUHAMMADIYAH tambak bayan ngulon minn"
226,dilaga_745,@infoponorogo mending parkir manual tapi bayar e tetep 1000 di seluruh parkiran se kab  ponorogo
227,tofan.ts,"Perlu di garis bawahi dan di tebali *Mengurangi Penghasilan*, ya klo memang niat pakai e-parking mbok iyo to jukir di bimtek, di latih, ben gak bingung."
228,infoponorogo,@fakhmiky naaah 🔥🔥benul.. wis jajal e-parkir durung kak? 😂
229,ryo_shikamaru,"Mergone nek parkir eletronik, kertase ora iso dirubah 2000 jadi 3000 😂😂😂"
230,ika_jauhar,Enak pakai e parkir kayakny
231,infoponorogo,@ryssangpratama mulai kapan kak pasange?
232,infoponorogo,"@dilaga_745 nah ngene jane ya masuk wae lur, tapi ya piye jare jalarane merga enek sing ngenthol barang ki komen dhuwur kunu mau.. gari gelem tertib tarife ora? 😁"
233,ryssangpratama,"@infoponorogo kurang paham niku minn , sing jelas enjing jam2 8.an dereng kepasang , lhaa sonten niki wau kokk mpun entenn rambu stop s DISHUB"
234,infoponorogo,"@tofan.ts kayane ya wis diwenehi lur, ya paling butuh waktu penyesuaian.. ya muga muga isa lancar lah.."
235,infoponorogo,@ryo_shikamaru lhadalah iki anu nek iki😂
236,infoponorogo,@ika_jauhar siaaap.. awakmu tim elektronik ya kak? 😁😁
237,_anandaayuu__,"jane e-parkir i cocok e gae lahan seh enek tempat khusus parkir koyo mall, toserba utowo pasar, lek di peruntukan gae lahan parkir terbuka/pinggir ratan i kurang cocok soale mesti ribet, tp lek manual ya sek akeh jukir seh nakal. mboh lah bingung"
238,infoponorogo,@ryssangpratama rekayasa lalin kayane ya? Apa enek acara ning jalan alun alun sih lor iku ben lancar ngono..
239,infoponorogo,@_anandaayuu__ hooh sih bener... lhaaaa dadi awakmu tim manual apa parkir kak😂
240,ryo_shikamaru,"@infoponorogo tau ngerti to duit 2000, 2 ne dicoret dadi 3000 😂"
241,infoponorogo,"@ryo_shikamaru tau tapi lali nggone, ngendi lur sing kaya ngono wi😂"
242,abyanep,@nizarkurangturu_ @musyaffa_89 mbenjeng
243,pfs_007,Enak E-Parking
244,ika_jauhar,@infoponorogo iyass😀
245,musyaffa_89,@abyanep rodok bahaya lek Iki
246,infoponorogo,@ika_jauhar okai kak😂
247,infoponorogo,@abyanep awakmu tim apa kak manual apa elektronik😂
248,infoponorogo,@musyaffa_89 banaya piye kak😂
249,infoponorogo,@al_wildd oke awakmu tim elektronik ya kak? Alesane apa kak? 😂
250,syahrulsatriaw,kono kono aturen penting ra mangan gapuro
251,nizarkurangturu_,@infoponorogo @abyanep iki lo min seng gaene parkir ng sekolah tapi lek mbayar mbenjeng mbenjeng ae
252,infoponorogo,@syahrulsatriaw byuh gapura ngendi iki😂dadi pilih manual apa eletronik no😂
253,musyaffa_89,@infoponorogo wes gaiso parkir liar neh min pak parkire😁
254,infoponorogo,@nizarkurangturu_ weh masa cash bon 😂😂
255,infoponorogo,@musyaffa_89 wehehe salah siji alesane enek e parkir kayane iku kak😂
256,pfs_007,"@infoponorogo Iki sak eroh ku lo ya teko kuto sing wis ono E-parking. Gak ribet pembayarane soale g atek duwek, ngetap kartu, luwih higienis. Luwih tertib pembayarane soale tertera area ne. Ugo tukang parkir penghasilane luwih iso dijagakno, soale digaji/bln. Aku paham karepe, Podo² enake antara Awake dewe pemakai jasa parkir, jukir  lan pemkab. Masalahe saiki, PONOROGO  wis siap tah gawe ngelaksanakno???. Sosialisasi opo wis masyarakat kabeh ngerti???. Gawe rambu ae dadak sik ngenteni kejadian, Marka jalan akeh sing durung dibenah (Garis hilang/pudar). Owalah... Ojo grusa grusu..!!!.."
257,ragasugeng88,@infoponorogo agus yayat kecekel silop min
258,mast_echooooooo,Panggah penak manual 😂😂 sat set ...
259,infoponorogo,@ragasugeng88 hooh kan parkiran enek 2 panggon siji dicekel kancane roy sijine dicekel anak buahe gawane Agus
260,infoponorogo,@infoponorogo 😂😂
261,infoponorogo,@mast_echooooooo okeee awakmu tim manual ya lur😂
262,infoponorogo,"@al_wildd naaaaah iku sik uji coba, bakale dievaluasi sik😁"
263,febrybiwara,"Eh sik sik kok pengahasilane kurang ya,,bukane wes digaji to min..kok kurang paham ak"
264,infoponorogo,@febrybiwara lha kuwi sik uji coba lak sik bagi hasil kayane
265,mosya_90,"Penak ke nk parkir Ra sah bayar...trus jukire digaji pemerintah ngono ,,🤣🤣🤣🤣"
266,rmzlahmad.dr,Min..kalau mau lapor ttg pembangunan jalan didesa saya gmna ya min..saya tinggal di sawoo. Cuma desa saya aja yg gak di bangun jalan nya. Desa lain sudah dbangun semua..
267,mast_echooooooo,@infoponorogo  aq bolone tukang parkir 😂😂
268,tatik_mujiarti,"kalo bisa di persulit kenapa harus di permudah 😂, auk ah elap"
269,ramangabdulazis,Kampungan 😂
270,marissasr_,@alistaavs bos berek
271,andika.dbh,"Teknologi melebihi akal sehat, 2023 ngurus surat2 nek kantor deso ae kon foto copy E-KTP kog parkir pake ELEKTRONIC @ponorogo.update"
272,ragiel_mangku_langit,Mugo ae nek khilangan di tmpt parkir bisa di ganti 100% hehe
273,arin9499,Maleh gk minat dolan rno min .  @ponorogo.update
274,herysusantu,Ngurusi urusan sing gak urgent
275,nadflix.jv,r ndwe e money
276,optik_tasikmalaya,Lama lama kembali lagi ke manual
277,erikwahyudy,Semangatt 😀
278,eline_xiandhia,@yogiiprapmito nah tu dia.... 🔥🔥🔥🔥😊☺ klo ga ditindak lanjutin ga adil kan
279,hanifahlayli,Aku luweh ikhlas duit sewu rongewu nggeh kang parkir. Tinimbang diakali wong nduwuran sing eneeeng ae carane gawe proposal alat e-parkir ben amrih cair dana ne. 🤭🤫✌🏻😅
280,zazux_yeye,Pendapatku tetep penak parkir gratis.
281,dikaambarani_baru_tahun_2000,Alhamdulilah Semangat Gak Belum Bayar E_Parking Mulai kalo ada baiklah Boleh Lihat Siapa Itu Terus Lama lama banyak Terimakasih Waalaikumsalam
282,adityaanakbaik_,Nyuen nyuen i lakon
283,humairasyaharani,Pendapat ku apik lor mergo ben ora hasil dr prkir bisa langsng disetor ne nge apbd ngo bangun2 op kono ben ponorogo luweh maju dlm segla hal
284,ari_plastik,"Tuku alat modern bisa, jalanan berlubang nambal gak bisa. 😂"
285,alistaavs,@marissasr_  ebesss
286,rudhie_xa,@verane_imam dadi netizen tenan saki wani ngritik.wkwk
287,verane_imam,"@rudhie_xa 😂😂 lawong pegel lo aku mas,"
288,rudhie_xa,@verane_imam lanjutkan 😁
289,didik_wijaya,"kokean tetek bengek ra karu""an... kok sek menak jaman bien rono rene cepet.... ora macet ora ubeng""an"
290,regytaaprylia,@yogiiprapmito parkir gacoan sih uanehhhhh muesti ga enek uang kembalian muesti 🤮
291,ekomentaro,"@verane_imam 2000py,akeh kae sing 5000/10000"
292,ekomentaro,"@mutiaraya__ lahan kusus,ne kota lahane kusus rodok angel,kakean omah dll,gelem py parkir Ombo neng lapangan kodim,trs acarane neng alun2😂😂😂"
293,verane_imam,@ekomentaro yoo diomongii aturane 1000 lo pak . Nek gak ngnu karo muleh butuhw diwei 5000 . Masaku ket jaman disek yo tekan 5000 parkire .
294,ekomentaro,"@add_zim kesel ngangkuti,ngko biaya neh,tukang angkut2"
295,ekomentaro,"@verane_imam diomongi jawabe(lione Yo limang ewu,lak Ra gelem bayar,Ojo parkir ne kene)py trusan"
296,verane_imam,@ekomentaro 5000 kan jga tidak setiap hari mungkin pas waktu ada acara . Nek sya yo maklum wong trah gowo mobil / motor tak lempit yo gk kenek mas . 🙏 maaf hnya berpendat
297,verane_imam,@verane_imam berpendapat
298,ekomentaro,"@verane_imam aji mumpung to Mak,trs gunane perda(bisa diubah trgantung sikon)gt to"
299,verane_imam,@ekomentaro trus selama ini kemana saja mas aturan perda itu sudh lama tapii kenapa masih di urus sekrg . Percuma kalau kita parkirnya dilahan pemilik cnth didalam pizza hut apa iya mau bilang aturan perda la kalau yang punya lahan la ini tempatku lo mas sya yo bayar pajak  Koyo gk ngerti wong ponrogo ae mas . Ibarat akua hari biasa 2000 aji mumpung kadang yo didol 5000 . 🙏🙏
300,ekomentaro,"@verane_imam tujuan dr postingan Iki mau Yo iku(e_parkir)utk LBH menertibkan parkir,JD jgn mikire(Halah mandak rong ewu ae kok,La 2000 x Lo,opo neh sing 5000 x,brapa kali lipat ....sdgkan yg kekota itu ora mesti arep ne alun2 tok,kadang arep tuku klambi(PO neh pas bodo)dilok neng toko A,toko B,toko C,neng alun2(Mergo gak cocok pakiane/piliane dll)La kui ws muni Lo parkire,kadang mulih Sik rung oleh opo sing digoleki,muk bayar2 pkr aja..😂😂😂😂😂"
301,verane_imam,"@ekomentaro e parkingo yo tetep mbayar mas . 😁 marai ya iku lo mas fikirane wong bedo bedo mas . Pomokno ke tok a b c d sampek z urung temu bajune yo tetep bayar 1000 peng, intine dilempit mawon mas kendraane 😁🙏"
302,irvanwahyuuu_,Pake e-money aja tinggal tap gitu kan enak atau bisa pakai qr code
303,ekomentaro,"@verane_imam loh,La Ra byr Ki py,😂😂dg eparkir,(mungkin akan LBH trtib lagi,lak bayar 2000 Yo 2000,Krn wis dideteksi Ama mesin tsb(mungkin Lo ya😂😂"
304,verane_imam,@ekomentaro 😂😂 belum tentu mas . Merka yang punya lahan sendiri yo bisa mengUPkan biaya parkir lo. Contoh hari raya poper . Luwes . Pcc itu semua punya lahan sendiri . Ya kalau mereka juga aji mumpung 🥳🥳 intinya smga dilncarkan riskinya semua bisa sedekah lewat parkir 1000 rupiah . daripada diwehne wong nga**n ngnu diwei 1000 sek nesu parkir 2000 ora mbok wei susuk mesti muni matursuwun opo meneh seng mbok wei mbah mbah tuwk mesti ditambah ngantos ngatos mas mbak .
305,noxers.noxx,Laah lah tonggo ku ngono kok an
306,dicko_armadona27,Cocok
307,sate_gule_kambing_bhayangkara,Alun alun juga ya d kasih e parkir
308,ekomentaro,"@verane_imam yg punya lahan ndiri kok dibahas,kn yg dbhas td ttg etilang,ya jls yg ada hubnya dg Pemda Wak,misalnya Yo parkir ne jln hos/alun2,"
309,noismaaa,@ekomentaro sepemikiran🤣🤣 request diluar nalar bmkg
310,noismaaa,"@awang_medyna10 anu e mas parkir ng lapangan nko mlaku ng gon tujuan e puenak 🤣🤣 requestmu diluar nalar bmkg, lahan e ndak ono full omah"
311,triendahokta,"@yogiiprapmito setuju,opo meneh sing gaene blojo bahan kadang toko satu & satune kosong pindah toko liyane,sik kas sak nyuk an ae parkir padahal barang sing di goleki durung oleh🤭"
312,yunizu54,"@yogiiprapmito rasa"" nya mau pindah negara😢, tapi gimana caranya😂"
313,chandraperdanputra,@mutiaraya__ dari pada ribet komen ndk msuknakal mending diam saja.
314,hr_kenn,sui sui kno E Toilet barang iki ngko😂
315,nabilaputri4097,@hallondhy mbok ngono Ojo bawa uang banyak2 mbk di siap in 2ribu aja
316,istaurini27,Fungsi trotoar untuk pejalan kaki mana pak  kok semua angkringan
317,sugenghidayat12,Jukir jenenge berek ngasi bingung kwi Lo..diwarai ngasi Isa.. 😂😂
318,algaaarion,Bayare tetep gae tunai min?
319,srimaharani2930,Maar nih melenceng dari topik info obat penghilang strechmark?😢
320,eka_andriana85,Ya Allah..
321,ridwanardiansah,"Sing penting nek parkir mobil gede opo truk yo di pikir kancane no, ben ora ngebek i dalan ngono kae 😂😂"
322,denikochi,"La ngono kwi mbayare pie ?...
Moso ws gae alat kyo DC mbayare sik manual..yo podo ae boong dong..sak ora2.ne gae kertu"
323,ayokkoya,"E-til ae mbalik manual,kok malah njajal liyane😢😂"
324,herypurnama88,Wes ketebak endinge...
325,lilikteja,@srimaharani2930 cobain deh mba produk dari @solutionstrechmark.id ampuh banget say produknyaa saya juga strechmark parah setelh pemakaian rutin ga strechmarkan lagii deh mba
326,gendondjadoel,Harus... E Parking itu keharusan
327,hallondhy,Di dpn dan sebrang pizzahut pernh parkirmobil 10 rb g disusuki. 😢
328,fatmaannisaaa,Sip lanjutkan
329,aldhebilla,@lilikteja emang beneran ampuh nih mba? Udah bpom mba nihh?
330,miyano_sherry21,@gustavianooo hla iyo lo...po meneh jukir e sing tuwo² ..contone bapakku..piye trus an 😂😂
331,celine_itssclinee,"yang udh tua bgaimna dong,ksiann ga ngrti gituan😔"
332,taufabella,"iyes...setuju biar biaya parkir itu tarifnya jelas,kadang gak dikasih kembalian"
333,rahmawati_nursya,@aldhebilla iyaa Iya mba tentu saja sudah bpom dan  bisa ampuh nih soalnya saya juga strechmark bekas lahiran bisa hilang & memudar ketika pakai produk dari @solutionstrechmark.id
334,ddddeviftr__,"sek sek, lha iki bayare gawe opo ta gess? qris?"
335,wafiqul_az,@gustavianooo ngakak😂
336,gustavianooo,@bruri____ dari rakyat untuk kantong pegawai pajak 🤣
337,lilikteja,@aldhebilla iya mba  tentu saja sudah bpom dan  bisa ampuh  soalnya saya juga strechmark bekas lahiran bisa hilang & memudar ketika pakai produk dari @solutionstrechmark.id
338,hanisramadhani,iku bayare gawe qris iso opo gawe kartu emoney?
339,awang_medyna10,"Dari pada mikir gawe alat kui , mbok mikir nang di engon parkir sing luas, ura nang pinggir dalan kiwo tengen garai sempit dalane.  Wes di kelongi kanggo trotoar sakmno ombone kok yo gone parkir sik ng pinggir dalan pak pok ae to yo yo.. macet 🔥"
340,sutokoima,Aku tuku mainan neng boro2 parker 5000
341,wardoyo.setiyo96,"Rakyat bayar Untuk PAD,  PAD Untuk... 😝"
342,nikoandika7017,"Kakean polah.. Apa dana untuk pembangunan monumen reog kurang kok pemerintahannya cari"" Dana di jalanan gt😂😂😂😂 Penggunaan eparking ini harusnya di alokasikan di tempat yang emang untuk lahan parking.. Bukan dipingir jalan gt."
343,yusron_atsani,"Sip,lanjutkan,,"
344,ercikamc,Yok iso yok. Kuto kuto gede wes hal lumrah banget e-parkir saiki gilirane ponorogo iso nyusul ketertinggalan
345,wiwik_octa,
346,eline_xiandhia,"Ditertibkan harus.... Tukang parking byk yg ga jlas ... Dksh  1000 minta 2000 , 2000 ga dikembalikan,5000  jg mau.... 😅🙂🙂"
347,mrluckym4n,nek bayare tunai tetep panggah isaw di UP
348,clarisalindaa,"Wajar masih sehari, siapa tau kalau berkelanjutan efek kedepannya lebih baik"
349,_agisz_,Apakah bernasib sama karo E-tilang😂
350,yogiiprapmito,"@eline_xiandhia parkir alon alon timur depan pizza hut 10 ribu, 10 ribu kali brapa ratus mobil, hasilnya ngerti dewe 👏👏😂"
351,elvandri_rafsanjani,"Pemerintah yo kudu ngomongi tukang parkire, kerjone ojo mung nompo duite tok.. njogo lan merapikan kendaraan sing tenanan, lan ngarahne kendaraan sing arep mlebu metu..."
352,optik_tasikmalaya,Masih perlu adaptasi
353,mutiaraya__,"Daripada ribet e-parking mending kasih fasilitas lahan khusus buat parkir, biar gak parkir dipinggir jalan! Yg solutif gituloo!"
354,wijaya_heng,Dana bocor paling di korupsi wong duwuran
355,wahidhariz12,"Jalannya buat parkir, telortoarnya buat jualan..mantap👏👏👏"
356,add_zim,"Nyapo kok g gawe gedung  parkir  di kei boom gate secure P / Centre Park / Iss ngunu terus ngidul e gawe  tapi ya di modif ben nyaman bayar e becak iku soko parkir, retribusi parkir gedung moco"" 9% dari omset parkir. Iku ono akeh pilihan pembayaran.  Gak usah gawe aplikasi maneh ngembek ngebek i hp. Tpi lek kur dilut parkir pinggir dalan ae limit 7 menit luwih soko iku di angkut nang gedung parkir"
357,agungyuliyantonugroho,"Ya jelas ditolak,,dia kan jadi gak ada duit tambhan pemasukan😂,,dan rawan pungli,klo sdh ada pungli biasanya akan ada preman..."
358,agungyuliyantonugroho,"@yogiiprapmito lbh anyel barang yg dicari gak ada,dan muter nyetori parkir😂"
359,_rjl_ardi,Pelan pelan
360,agungyuliyantonugroho,"Kadang suka heran kok,,,kota lain bingung memperlebar jalan klo ini bingung mempersempit jalan😂,,ente ini kadang2 ya....😂😂"
361,becakmesinmaniaponorogo,@optik_tasikmalaya tp nek gonq seikhlase bos yg minimal  sesuai perda yg berlaku(manual)😊😆klo gone erepane pean gmn bos
362,becakmesinmaniaponorogo,"tp nek gonq seikhlase minimal sesuai perda tp jg ngono podo kurang kesadarane seikhlase podo abot,malahan motor 5rb nang seputaran alun""podo gelem😇😂"
363,m.iqbalprabowo_,"GK ribet nih min, jal ... Lek ruame ..."
364,rofiah_achmad,"@yogiiprapmito iyaa betul sekali, kadang saya kalau belanja atau ada keperluan lain gag cukup parkir satu tempat,😢"
365,amruafa,"aneh"" e😂"
366,verane_imam,"Kakean rengkek min 😌 parkir 2000 ae kok bodo umek ae , daripada ngurusi kuii mbok tukang parkire djak ngurusi samlah sampah opo malah ditambahi pengahasilane ben karo nyapu ratan atau merwat bunga seng neng pinggur pinggir dalan kae . Oleh gae wes enek patugase nyatane samlah yo sek numpuk neng endi endi ."
367,yohan_putrarakeri,Lama lama juga ga berlaku.
368,brurysayfullh,Mungkin jukirnya di training dulu....
369,zacky_punk,Seng sabar ya pak jukir😂
370,lia_novitaaasari,Teknologi msa kini..... Kadang yg muda aja ada yg gaptek.. Apalgi bpk2 jukir.. Perlu ekstra utk belajar lgi... 😢
371,agungprihatmaja,Kaboten setor paleng wkwwkwk 😂😂
372,tri.pika.3,"Ya bukan kaboten setor juga,,kan jukir ndk indo kebanyakan sudah berumur,,ya kalo berumur mereka sekolah ndak papa toh masih bisa baca lha kalo yang dak sekolah kan ya kasian juga"
373,galih_wie017,Alasan wae
374,dhl.info,Apik
375,tharrymunyill,"Rumit apa cuan nya kurang? Biasanya kan 2k/motor, skrng 1k/motor😂😂😂"
376,ilove_ponorogo,@tharrymunyill nice
377,ilove_ponorogo,@agungprihatmaja bner
378,zakariamahrez9,Karena kebiasaan 2 ribu dapetnya😂😂
379,evie_r_kusumawati_,"Ya karena jukirnya sudah sepuh wajar sih kalo di bilang rimit,,,"
380,singgih_dwi_hs,Pakai tas biar gampang bawa nya
381,galery_griya_pusaka,Ora iso ngentit 😂😂
382,sulthon.alhakim,Sek durung terbiasa pak.. suwe2 karek merem iso😂
383,ahmad26.x,Coboy.
384,ponidi.pamungkas,iku masalahe Ki nggur durung kulino ae
385,kangmaz_supendi,@fyrs_rr 😆😆
386,mashelnasya,@muslihitz86 koment ter cakeeep🤣🤣🤣
387,mhyshinta,"lanjutkan e-parking,sampek berlaku tenanan pokoke...mengurangi parkir ilegal😂😂😂..angger mandek endi enggon kenek parkir motor 2k..basamu wes nompo duite ditinggal ngalih🤣🤣🤣..mbok'o ditulisane motor 1k..tetep dikon mbayar 2k😂"
388,kristiazhwhas,"𝗟𝗮𝗸 𝗿𝘂𝗺𝗶𝘁 𝘆𝗼 𝗟𝗲𝗿𝗲𝗻𝗼,𝗮𝗸𝗲𝗵 𝘀𝗶𝗻𝗴 𝗴𝗲𝗹𝗲𝗺 𝗱𝗮𝗱𝗶 𝗷𝘂𝗿𝘂 𝗽𝗮𝗿𝗸𝗶𝗿...𝘄𝗸𝘄𝗸𝘄𝗸🤣🤣🤣𝗴𝗮𝗸 𝘂𝘀𝗮𝗵 𝗮𝗟𝗲𝗺𝗮𝗻...😆"
389,jejaklangit88,"@itzsgaa_ pas ono konser denny caknan karo MNC TV poro jukir iso gae ngredit motor ngertio, difkir fkir sakjane yo mesakke, tapi dilain sisi kok greget ke yo lur"
390,jejaklangit88,"@f3_ndra lhaa ndalah,podo, tapi sek ngenes awakmu, aku wae parkir mobil ning ngarep pendopo ditarik 2000,gek blas tanpa karcis, ngono kui piye jal, Indonesia arep dijak maju angel to, mbalek maneh nang SDM"
391,rudirianto3219992023,KALO ALESAN RIBET YA BELAJAR. KALO MASIH GAK MAU RIBET YA GANTI PEKERJAAN. TOH BANYAK YANG KOK GANTIIN KERJA KALIAN😂
392,_raasgtiulti_,Regenerasi ae ga sihh😂
393,kustyoriniaprilia,Mlampah wae nek mboten purun parkir.. Ngono wae og bingung
394,dhul_20bhajoel,"Ribet? Sg ribet kw kui wg djak penak kg angel ,,negoro kog arep maju djak pnak ae modelan ngene ki sg garai ra maju2"
395,bosnyaran.co.id,Wkwkwk parkir oleh e akeh yo 😂😂😮 tak adek lahan parkir piye masuk ra😂😂
396,itsmeolv_,@aheunaegawijaya ben
397,bangkit_dc11,@fyrs_rr aku arep komen bak e ws enek sng muni 😁😁
398,lanfy12_,@fllnh.m
399,faisagussetia,"Y jelas lah tukang parkir nolak, y di setorkan sama hasil beda.😂"
400,mas_acong_,Yo jukire wae seng di ganti
401,muhamd.maghfur,"Lek raiso gawe alat/aplikasi ne ganti sg enom, kualitas SDM perlu di updated"
402,nuryadi1453,@edykusumaa pensiun
403,nuryadi1453,@pradikaangga_ masih banyak tenaga yg nganggur
404,misgiart,@fyrs_rr sudah terwakilkan twrnyata
405,mas.hakiem,"Orang yg menolak kemajuan, pasti akan mengeluarkan banyak alasan. Yg katanya ribet lah, susah lah..."
406,mbak_hess,@michellia308 benar😢
407,feri_bbwr1711,pas ada e parking 2 ribu.kemaren gak ada e parking 3 ribu 😁
408,dickymhf,😂😂 lucu
409,yusyarifai,"Gak tau lah.....parkir manual seng ngentit jukir,la ko di gawe e parkir seng mangan...????nek podo ora transparan yo ora ush di wenei parkir,wong duwe motor/mobil yo wis mbayar pajek....kok yo sek mbayar PARKIR,ANEEEHHH TOOOO"
410,heeeennn,"Masyarakat ora menolak, jukir tok sing nolak"
411,dwik_rahayu,👏👏👏
412,awan_prastowo,@heeeennn gasssss 🔥🔥🔥😂😂😂😂🤘🤘🤘🤘
413,m_anwar_fauzi,Sing muni rumat rumit dicutik ae suwen.
414,wahyu_listio,Ribet opo emang moh belajar?? Padene ben mbalik manual meneh☺
415,hmadsy666,setuju banget lek semisal diterapno. gawe kebaikan bersama
416,enytamufidh,Parkir nang ngarep latansa duit 10rb arep ora disusuki..duit e lebokne kantong lsg..dikiro kene ra ngerti pd hal etok2 berpaling muka.mboso dienteni duit etok2 digoleki seng 10rb.delalah nang tumbukan duite enek 10rb.di iya i wae trs agi disusuki..
417,enytamufidh,@enytamufidh duduk seng nang latar e latansa lo ya..seng dalan HOS.kan parkire dewe2 iku
418,garasi_bangyos,"Nek ra gelem dadi jukir, munduro ae...nek maju2 keterak motor lewat ngko"
419,mia_rahayu07,Kalo pakek e-parking kena brpa permotor
420,ferysetiawanbs762,@muslihitz86 padahal motor diwalik e ora😂
421,jenihendra,Kadang diwei 5 ewu gak jujul alasan gak ketok 😂😂😂... sekalian ngamal
422,cinocaramel,Parkir kemarin di dekat masjid alon2 ada acara senam paud malah 5k dan tdk ada karcis parkir
423,ratu_jagal,"Lanjutkan e parkir …
Biar pad naik"
424,escoklatcokot.hoscokroaminoto,"@fyrs_rr padahal jukir itu setornya ke dinas perhubungan setiap bulan,dan sudah dipatok tarif setornya.cara ngentitnya gimana ya mbak???"
425,nurrofi.mahmuda,"Jenenge belajar ki yo alon2, urung2 kok wis sambat"
426,s.roni09,"Mbok yo nng POPER pisan di kek i e parking,angger rono pas hari² besar kok parkire ngalah²no kota besar"
427,itss.silviyuse,@escoklatcokot.hoscokroaminoto  la nggeh to mbak bener.. Padahal jukir resmi iku ya setiap bulan e setor ini ya naik setorannya.. Kok enak men ada yang bilang ngentit 😂 pendapatan naik daerah karena ada parkir pas acara kemarin dan yang kasih tarif mahal orang yang baru baru bukan tukang parkir resmi..
428,itss.silviyuse,@dana_pradan  pie ale ngentit mas la wong jukir iku ya setiap bulan ya bayar setoran ndek dishub lo 😂
429,itss.silviyuse,@faisagussetia  setoran e sesuai yang di katakan dishub ta wong jelas kok e
430,faisagussetia,"Emmm no komen mbk, tapi nopo kok nolak?"
431,dana_pradan,"@itss.silviyuse bener setiap bayar bulan, tapi sg dibayar karo pemasukan e bedo wkwkw wong pengunjung parkir kebanyakan ga diwei karcis, karcis e maleh dadi akal akal ane jukir sg senengane main pungli"
432,itss.silviyuse,@dana_pradan  seng dibayar teng dishub niku nggeh sampun di target kaleh kantor e lo mas 😂  ng kurang setoran e mawon nggeh di golek i kok e wonge mas
433,dana_pradan,@itss.silviyuse okaayy
434,marin.marko,"Nyuwun sewu pak @sugirisancoko26 kalian @dishubpng parkir pinggir jalan kados jalan HOS niku tarif / bayare pinten geh sakniki tirose enten sing roda 2 2000, roda 4 5000 nopo leres soale nembe dek wingi pas badene parkir mboten enten sing mapakne moso bade wasul langsung diparani gek bayar 5000 biasane disusuk i 2000 kok mboten.. nggeh leres menawi eparking dipun terap aken damel antisipasi pungli jukir meniko..🙏"
435,rifadno,@michellia308 ng alunalun 3k
436,michellia308,@rifadno kalo ada acara 5k😂 saya selaku kaum pelajar sedikit keberatan sebenarnya :')
437,_omahelektronik,@fyrs_rr 😂😂
438,rifadno,@michellia308 laiyoo mayan ya 5 ewu kenek gawe tuku jus opo pentol goreng wkwkw
439,pradikaangga_,Nek ruwet pecat ae jukir e😂
440,muslihitz,"Padine ra iso ngutel ae kok kakean alasan ribet, paling pegel ki motor ra di kapak""ne nk parkir, yo sek panggha di jaluki duwek parkir nk ngaleh"
441,hantoro_krista,😂ribet karena penghasilan jukir berkurang drastis.... Ayoo gas.. Demi kemajuan.. e-perkir aja
442,edykusumaa,Jukire pun sepuh 😂
443,erwincaprut,@fyrs_rr  wkwkwkwk
444,ursa_maritimus,@bimaekanusantara_ @ramaakukuh
445,bimaekanusantara_,"@happy_ursus no comment, urusane wong pusat"
446,super_tedjo,"jukir kan emg cm dikenai wajib setor, klo lewat e parking gak gitu konsepnya 😂😂"
447,nunu.sgt,"Iya pak @dishubpng e-parking aja,.. karna lbih tertib dan ga marai emosi. Soale marai aku emosi pak jukir² sg diwei 1000 tpi ra gelem nampani. Mekso² kon 2rb, sdangkan disaat itu ra enek duit receh. E-parking emng butuh waktu sosialisasi, baik penggunaan dan caranya, seiring brjalannya waktu nanti juga terbiasa"
448,ramaakukuh,@happy_ursus barang opo wi
449,miyano_sherry21,Penghasilan berkurang...(pernah parkir motor di salah satu ruas jalan hos Cokroaminoto..saya kasih 5ribuan..kok dijujuli 2000.. aq yo nge gas to..sejak kapan parkir montor malih 3000?!!?. Trus mbi jukir e dijujuli 3000.. alasane salah ndudut duit..😏😏😏)
450,alfanzain.id,"Berarti faktanya, jukir kuwi curang. Wes narik e 2000. Sing disetorne mung sitik"
451,masrur_asyrofi,Setuju e-parkir
452,alfanzain.id,Njaluk pemimpin e ora korupsi. RAKYATE DEWE HOBINE YO KORUPSI 👎👎👎👎👎
453,mohamadaxel,"nahhh klo kaya gini enak, jdi harga buat parkir ngga seenaknya sndiri wkwk"
454,f3_ndra,"Helih lagek iki mau isuk enek acara TK ning alon2..... Motor ditarik 3000,tak lokne mung mesam mesem jukir e..... Nemen lak golek bathiii"
455,chukyt,Jumlah Peningkatannya itu yg biasa nya masuk ke jukir tuh 😂
456,snailmucica,"Pernah arep tuku klambi ning ninetynine tp ora enek sg digoleki, metu sek bayar parkir,.."
457,ratnayas,Pakai e-card aja yang lgsung tempel gtu
458,vickyalin.10,Data lengkapnya ada min ?
459,muh_6992,Lebih baik di makan rakyat dari pada di makan wakil rakyat.😂
460,dana_pradan,"Sudah keliatan kan punglinya, sblm e-parking PAD 71jt, setelah e-parking naik 134 juta.. Ternyata bukan oknum pejabat ae sing seneng duit panas, kebanyakan jukir juga senengan e pungli... Makane diterapkan e-parking menolak,, ketar ketir pemasukan menurun mergo wes gaiso pungli neh sing jukir nakal...."
461,ismaisma04,Jaman pasar malem wingi..parkir ditekok i byar pinten pak..sak ikhlas e mboso diwei rongewu lek ngomng jane telungewu lo mbk 🤦🏻‍♀️🤦🏻‍♀️
462,windy_imnida,Itu lah alasan knapa saya muales lak kon metu2😂😂 . Mandek pirang nggon parkir e wes muni .. Po mneh lak tmpat e rame saiki rata2 3k😢
463,anggaraffiq,"Nah nek wes akeh hasile, tulung ojo di korup."
464,add_zim,Lagian bahu jalan buat parkir ya paling gak tertibkan garis sepadan jalan atau berikan fasilitas parkir. Klo bahu jalan seakan mau uangnya saja fasilitasnya gak diberikan. kan parkir itu jualan fasilitas. Tolong lah plisss. PAD itu juga harus sejalan dengan peraturan.
465,seratan_jawi,"iki wìs arĕp event grĕbĕg surå , area alůn² wajib e-parking , bén ora meresahkan🤣🤣 @dishubpng"
466,darmawanathan27,"trus..pajak meningkat, fasilitas harus meningkat jg nggih.."
467,mrizalrotim44,Mohon tukang parkir kalok niat parkir
468,itsmeolv_,Setujuuu pollllll. Aku ndue RM yoan tukang parkirku gae ne ngentit 🤣 tak jamin parkir pinggir dalan yo ngnoo. Wajib E-Parking 🔥🔥🔥🔥
469,itsmeolv_,Sing nolak2 kon prei ae dadi jukir 🔥🔥
470,karleshaaa._,@ismaisma04 sek mending mba 3 rb pas rme rme e 5rb wkk
471,ismaisma04,@itzsgaa_ wkwkwwk..mlahan 🤭
472,dianhadinurrohim,Joss lah .. biar ngga dipalakin parkir liar 😝
473,denispariwara,@es_mawe setuju Bang
474,denispariwara,"Mungkin masih banyak jukir yang lebih berkompeten, cekatan cak cek"
475,tatan.t,"Ya perlu edukasi ae toh, titik ribet te ae, padahal lek wes berlajalan sistem e Yo mempermudah semua e 🔥🔥👏"
476,mrshl.gngsrsputra,Ebes melbu ig coy🗿🗿
477,black_sheep.id,Wih 134-71 selisih pinten niku
478,aheunaegawijaya,@itsmeolv_ keras men ajae mbak
479,regytaaprylia,"@niken.laa sabar mbak , ben dibales si ng nduwur😭"
480,op_bensin,Bukan ribet tapi ceperan ne kurang 😂
481,_lookatmoo,Apakah praktik korupsi dimulai dari sini?😂 selisih 63 jutaan😂😂
482,anggara.54,Lanjutkan untuk e-parking nya🔥
483,sutokoima,Di moborobo parkir mobil ja ditarik 5.000 ... 😌
484,wijaya_heng,Rubicon
