"id","likesCount","ownerProfilePicUrl","ownerUsername","postUrl","text","timestamp"
"18073063378375275","0","https://instagram.fktp2-1.fna.fbcdn.net/v/t51.2885-19/256366254_132729282450199_7232477315767432908_n.jpg?stp=dst-jpg_s150x150&_nc_ht=instagram.fktp2-1.fna.fbcdn.net&_nc_cat=107&_nc_ohc=wz17iR8PlI0Q7kNvgH6nQr6&edm=AP_V10EBAAAA&ccb=7-5&oh=00_AYAwrwP4tJkqIKGXxKhKprd1AAzcYKgsaJbU9xklY4SREA&oe=66811EA5&_nc_sid=2999b8","tatik_mujiarti","https://www.instagram.com/p/CskPCVLsU3w/","kalo bisa di persulit kenapa harus di permudah 😂, auk ah elap","2023-05-23T05:01:10.000Z"
"17993991895803657","0","https://instagram.fgua2-2.fna.fbcdn.net/v/t51.2885-19/44884218_345707102882519_2446069589734326272_n.jpg?_nc_ht=instagram.fgua2-2.fna.fbcdn.net&_nc_cat=1&_nc_ohc=gt6nfLKGL2IQ7kNvgHOmliC&edm=ALlQn9MBAAAA&ccb=7-5&ig_cache_key=YW5vbnltb3VzX3Byb2ZpbGVfcGlj.2-ccb7-5&oh=00_AYARXRLwZrTN5v6zmnacoXP_YTYgrXHxGM5rf7-_neS2iA&oe=6681300F&_nc_sid=e7f676","ramangabdulazis","https://www.instagram.com/p/CskPCVLsU3w/","Kampungan 😂","2023-05-23T05:03:20.000Z"
"17862300959945633","0","https://instagram.fktp2-1.fna.fbcdn.net/v/t51.2885-19/356613065_270354878907922_583485589918154922_n.jpg?stp=dst-jpg_s150x150&_nc_ht=instagram.fktp2-1.fna.fbcdn.net&_nc_cat=110&_nc_ohc=Ib_HA2HQnGEQ7kNvgEvx0BT&edm=AP_V10EBAAAA&ccb=7-5&oh=00_AYDjQBrxTKPV43d1eqPpiZhYowgIftb4p3e_DyfyvZU8Ng&oe=66812FCB&_nc_sid=2999b8","marissasr_","https://www.instagram.com/p/CskPCVLsU3w/","@alistaavs bos berek","2023-05-23T05:35:04.000Z"
"18065369542382545","0","https://instagram.fktp2-1.fna.fbcdn.net/v/t51.2885-19/262251476_1120734252013253_6909101893092415156_n.jpg?stp=dst-jpg_s150x150&_nc_ht=instagram.fktp2-1.fna.fbcdn.net&_nc_cat=105&_nc_ohc=GxAdHnglTtoQ7kNvgGXQXqE&edm=AP_V10EBAAAA&ccb=7-5&oh=00_AYB8WlUDCY_Si3YOD97XpTFxLfaDJxOWYCw5HPFR5O2c2Q&oe=66814711&_nc_sid=2999b8","andika.dbh","https://www.instagram.com/p/CskPCVLsU3w/","Teknologi melebihi akal sehat, 2023 ngurus surat2 nek kantor deso ae kon foto copy E-KTP kog parkir pake ELEKTRONIC @ponorogo.update","2023-05-23T05:42:25.000Z"
"17993753182817765","0","https://instagram.fktp2-1.fna.fbcdn.net/v/t51.2885-19/73393279_1407893712710698_979631570056904704_n.jpg?stp=dst-jpg_s150x150&_nc_ht=instagram.fktp2-1.fna.fbcdn.net&_nc_cat=110&_nc_ohc=5iOovfQ2ZmoQ7kNvgGF31U6&edm=AP_V10EBAAAA&ccb=7-5&oh=00_AYAk7K_E10mnnhl_1g_oTcyEVd6DgioQxaCoHwYVF89mmQ&oe=66812CC5&_nc_sid=2999b8","ragiel_mangku_langit","https://www.instagram.com/p/CskPCVLsU3w/","Mugo ae nek khilangan di tmpt parkir bisa di ganti 100% hehe","2023-05-23T05:55:26.000Z"
"17999301250809958","1","https://instagram.fktp2-1.fna.fbcdn.net/v/t51.2885-19/75586271_451614755458824_956411984717283328_n.jpg?stp=dst-jpg_s150x150&_nc_ht=instagram.fktp2-1.fna.fbcdn.net&_nc_cat=100&_nc_ohc=2yQIqOd8xK4Q7kNvgHUlrjz&edm=AP_V10EBAAAA&ccb=7-5&oh=00_AYDh_irYsKG-ShwXjbd5GrdVE1ASXdJV9kW8-nTcKJUClQ&oe=66814222&_nc_sid=2999b8","arin9499","https://www.instagram.com/p/CskPCVLsU3w/","Maleh gk minat dolan rno min .  @ponorogo.update","2023-05-23T05:57:14.000Z"
"18011932354626829","0","https://instagram.fktp2-1.fna.fbcdn.net/v/t51.2885-19/331759717_174812185264485_4358460826975591917_n.jpg?stp=dst-jpg_s150x150&_nc_ht=instagram.fktp2-1.fna.fbcdn.net&_nc_cat=109&_nc_ohc=f2ZbcCNNY6IQ7kNvgG-89tU&edm=AP_V10EBAAAA&ccb=7-5&oh=00_AYB-BXhoacNbTF0GMS-cLudrnBIE1Z4Y9n6FXQpGP1K9ZQ&oe=6681304B&_nc_sid=2999b8","herysusantu","https://www.instagram.com/p/CskPCVLsU3w/","Ngurusi urusan sing gak urgent","2023-05-23T06:01:00.000Z"
"17966606879275291","0","https://instagram.fktp2-1.fna.fbcdn.net/v/t51.2885-19/448720219_1008947363944168_1203432988737149703_n.jpg?stp=dst-jpg_s150x150&_nc_ht=instagram.fktp2-1.fna.fbcdn.net&_nc_cat=104&_nc_ohc=9-qRWwNvFtcQ7kNvgEREU4U&edm=AP_V10EBAAAA&ccb=7-5&oh=00_AYCIE4qEyCI85K8yczfXyZ8gN7xGk81WL3K0QPcYd-1Oww&oe=668130AB&_nc_sid=2999b8","nadflix.jv","https://www.instagram.com/p/CskPCVLsU3w/","r ndwe e money","2023-05-23T06:21:19.000Z"
"17989057624885338","0","https://instagram.fktp2-1.fna.fbcdn.net/v/t51.2885-19/28156612_566189747084998_2517458083702112256_n.jpg?stp=dst-jpg_s150x150&_nc_ht=instagram.fktp2-1.fna.fbcdn.net&_nc_cat=110&_nc_ohc=HxB0kkk6gi4Q7kNvgHPya8I&edm=AP_V10EBAAAA&ccb=7-5&oh=00_AYBMP9STducQe9xVZyVr4tLVt-0F-ao3Mumj0Np2sOSEUg&oe=66812794&_nc_sid=2999b8","optik_tasikmalaya","https://www.instagram.com/p/CskPCVLsU3w/","Lama lama kembali lagi ke manual","2023-05-23T06:45:06.000Z"
"17885402762839820","0","https://instagram.fktp2-1.fna.fbcdn.net/v/t51.2885-19/368185060_1689539101531686_1386140841058241115_n.jpg?stp=dst-jpg_s150x150&_nc_ht=instagram.fktp2-1.fna.fbcdn.net&_nc_cat=106&_nc_ohc=Ra4ByccQN_EQ7kNvgHBHUmb&edm=AP_V10EBAAAA&ccb=7-5&oh=00_AYDkpuMqW81hPR6JSvxHXB2x-fFbcL9GuwEf7oZMOnz6rA&oe=668121B2&_nc_sid=2999b8","erikwahyudy","https://www.instagram.com/p/CskPCVLsU3w/","Semangatt 😀","2023-05-23T06:45:26.000Z"
"17986770758090526","1","https://instagram.fktp2-1.fna.fbcdn.net/v/t51.2885-19/299929197_790907415596349_4215641936929006498_n.jpg?stp=dst-jpg_s150x150&_nc_ht=instagram.fktp2-1.fna.fbcdn.net&_nc_cat=109&_nc_ohc=cAe-PTxgNlsQ7kNvgGho068&edm=AP_V10EBAAAA&ccb=7-5&oh=00_AYAc1x6Dsr0ACBCuCDfm1T-aADAg6aftq4ae2j2Wpa8bmw&oe=66813346&_nc_sid=2999b8","eline_xiandhia","https://www.instagram.com/p/CskPCVLsU3w/","@yogiiprapmito nah tu dia.... 🔥🔥🔥🔥😊☺ klo ga ditindak lanjutin ga adil kan","2023-05-23T07:39:51.000Z"
"18012670237618985","2","https://instagram.fktp2-1.fna.fbcdn.net/v/t51.2885-19/34872610_2578151185744362_4117129708343132160_n.jpg?stp=dst-jpg_s150x150&_nc_ht=instagram.fktp2-1.fna.fbcdn.net&_nc_cat=106&_nc_ohc=j70UQB6ikvgQ7kNvgGtrh6Y&edm=AP_V10EBAAAA&ccb=7-5&oh=00_AYCYgYW__-nZEwHyt0YuPDm4lgduH5jsejwD05tGeLl-ug&oe=66812216&_nc_sid=2999b8","hanifahlayli","https://www.instagram.com/p/CskPCVLsU3w/","Aku luweh ikhlas duit sewu rongewu nggeh kang parkir. Tinimbang diakali wong nduwuran sing eneeeng ae carane gawe proposal alat e-parkir ben amrih cair dana ne. 🤭🤫✌🏻😅","2023-05-23T07:43:30.000Z"
"17967047051411211","0","https://instagram.fktp2-1.fna.fbcdn.net/v/t51.2885-19/41937826_547431495689092_8261224939357470720_n.jpg?stp=dst-jpg_s150x150&_nc_ht=instagram.fktp2-1.fna.fbcdn.net&_nc_cat=104&_nc_ohc=H9Z1rDo8OmsQ7kNvgFYRu_x&edm=AP_V10EBAAAA&ccb=7-5&oh=00_AYDBDdy_4wdYj9mf6cRCaSeoqrSM3rPfKblxEMHhtN0lIg&oe=668110D4&_nc_sid=2999b8","zazux_yeye","https://www.instagram.com/p/CskPCVLsU3w/","Pendapatku tetep penak parkir gratis.","2023-05-23T08:08:36.000Z"
"17955957950425320","0","https://instagram.fktp2-1.fna.fbcdn.net/v/t51.2885-19/448957068_1200267131144061_4277770466687687046_n.jpg?stp=dst-jpg_s150x150&_nc_ht=instagram.fktp2-1.fna.fbcdn.net&_nc_cat=109&_nc_ohc=tCzeFErjkm8Q7kNvgEVWKda&edm=AP_V10EBAAAA&ccb=7-5&oh=00_AYAbYi_LXSFKO-ySWhrCmV-V3Omtn4ZeF5M23v5vrNJjRA&oe=668137D9&_nc_sid=2999b8","dikaambarani_baru_tahun_2000","https://www.instagram.com/p/CskPCVLsU3w/","Alhamdulilah Semangat Gak Belum Bayar E_Parking Mulai kalo ada baiklah Boleh Lihat Siapa Itu Terus Lama lama banyak Terimakasih Waalaikumsalam","2023-05-23T09:07:39.000Z"
"18060143908399098","0","https://instagram.fktp2-1.fna.fbcdn.net/v/t51.2885-19/351264941_2506507249497691_8012235200496614069_n.jpg?stp=dst-jpg_s150x150&_nc_ht=instagram.fktp2-1.fna.fbcdn.net&_nc_cat=107&_nc_ohc=T18EkmrtSiYQ7kNvgGoZND4&edm=AP_V10EBAAAA&ccb=7-5&oh=00_AYDQOCfRIr4zyblOZ6GA6M7BR8qxijAKbC0JSdqECb3mbQ&oe=66812CDC&_nc_sid=2999b8","adityaanakbaik_","https://www.instagram.com/p/CskPCVLsU3w/","Nyuen nyuen i lakon","2023-05-23T09:17:01.000Z"
"17982552857151876","0","https://instagram.fktp2-1.fna.fbcdn.net/v/t51.2885-19/397592968_859373298896990_1866392047324432929_n.jpg?stp=dst-jpg_s150x150&_nc_ht=instagram.fktp2-1.fna.fbcdn.net&_nc_cat=102&_nc_ohc=lrP8x7bkKW4Q7kNvgF97y_F&edm=AP_V10EBAAAA&ccb=7-5&oh=00_AYDc5ho-bo-QFt0HQSvLQkUhb3eZRjDy3o1GoEtPc_FAJQ&oe=66811EFD&_nc_sid=2999b8","humairasyaharani","https://www.instagram.com/p/CskPCVLsU3w/","Pendapat ku apik lor mergo ben ora hasil dr prkir bisa langsng disetor ne nge apbd ngo bangun2 op kono ben ponorogo luweh maju dlm segla hal","2023-05-23T09:18:37.000Z"
"17910534458681242","0","https://instagram.fktp2-1.fna.fbcdn.net/v/t51.2885-19/308397688_775633560315453_1068805735332816776_n.jpg?stp=dst-jpg_s150x150&_nc_ht=instagram.fktp2-1.fna.fbcdn.net&_nc_cat=109&_nc_ohc=NF263Us05T8Q7kNvgGUUuYm&edm=AP_V10EBAAAA&ccb=7-5&oh=00_AYBiD-5ZsrsQGjlYFOSrvuIjf31CX20FqYK3MZr91P5SKg&oe=668129C8&_nc_sid=2999b8","ari_plastik","https://www.instagram.com/p/CskPCVLsU3w/","Tuku alat modern bisa, jalanan berlubang nambal gak bisa. 😂","2023-05-23T09:24:03.000Z"
"18000585970830022","0","https://instagram.fgua2-2.fna.fbcdn.net/v/t51.2885-19/44884218_345707102882519_2446069589734326272_n.jpg?_nc_ht=instagram.fgua2-2.fna.fbcdn.net&_nc_cat=1&_nc_ohc=gt6nfLKGL2IQ7kNvgHOmliC&edm=ALlQn9MBAAAA&ccb=7-5&ig_cache_key=YW5vbnltb3VzX3Byb2ZpbGVfcGlj.2-ccb7-5&oh=00_AYARXRLwZrTN5v6zmnacoXP_YTYgrXHxGM5rf7-_neS2iA&oe=6681300F&_nc_sid=e7f676","alistaavs","https://www.instagram.com/p/CskPCVLsU3w/","@marissasr_  ebesss","2023-05-23T10:07:03.000Z"
"18009626923632789","0","https://instagram.fktp2-1.fna.fbcdn.net/v/t51.2885-19/360033595_255471857225308_1327159015642253010_n.jpg?stp=dst-jpg_s150x150&_nc_ht=instagram.fktp2-1.fna.fbcdn.net&_nc_cat=104&_nc_ohc=JN4FJYALgHgQ7kNvgFISLJR&edm=AP_V10EBAAAA&ccb=7-5&oh=00_AYAdkdcZL5homqOTPwJlHxiaRfxAKmqJS539NCL3wQN9dQ&oe=66811450&_nc_sid=2999b8","rudhie_xa","https://www.instagram.com/p/CskPCVLsU3w/","@verane_imam dadi netizen tenan saki wani ngritik.wkwk","2023-05-23T10:08:28.000Z"
"18000861790838781","0","https://instagram.fktp2-1.fna.fbcdn.net/v/t51.2885-19/122183866_3359352074142242_4725765177838203229_n.jpg?stp=dst-jpg_s150x150&_nc_ht=instagram.fktp2-1.fna.fbcdn.net&_nc_cat=102&_nc_ohc=qXJFZfngVioQ7kNvgF_hO5n&edm=AP_V10EBAAAA&ccb=7-5&oh=00_AYCkXAOx_D-6st07lf0Gk9cj9QEpDTdnygevLiBCa-D8VA&oe=668120BF&_nc_sid=2999b8","verane_imam","https://www.instagram.com/p/CskPCVLsU3w/","@rudhie_xa 😂😂 lawong pegel lo aku mas,","2023-05-23T10:31:56.000Z"
"18019040872577837","0","https://instagram.fktp2-1.fna.fbcdn.net/v/t51.2885-19/360033595_255471857225308_1327159015642253010_n.jpg?stp=dst-jpg_s150x150&_nc_ht=instagram.fktp2-1.fna.fbcdn.net&_nc_cat=104&_nc_ohc=JN4FJYALgHgQ7kNvgFISLJR&edm=AP_V10EBAAAA&ccb=7-5&oh=00_AYAdkdcZL5homqOTPwJlHxiaRfxAKmqJS539NCL3wQN9dQ&oe=66811450&_nc_sid=2999b8","rudhie_xa","https://www.instagram.com/p/CskPCVLsU3w/","@verane_imam lanjutkan 😁","2023-05-23T11:57:49.000Z"
"17955966980596189","0","https://instagram.fktp2-1.fna.fbcdn.net/v/t51.2885-19/441224170_478255861207895_6261386024642789124_n.jpg?stp=dst-jpg_s150x150&_nc_ht=instagram.fktp2-1.fna.fbcdn.net&_nc_cat=111&_nc_ohc=ex_EGAAb7fIQ7kNvgGKs8HX&edm=AP_V10EBAAAA&ccb=7-5&oh=00_AYAY_vGBeNx_pQGb0jRVBbqsypzVMMldnjBvDDEoMfKIOw&oe=66810FBF&_nc_sid=2999b8","didik_wijaya","https://www.instagram.com/p/CskPCVLsU3w/","kokean tetek bengek ra karu""an... kok sek menak jaman bien rono rene cepet.... ora macet ora ubeng""an","2023-05-23T12:21:49.000Z"
"17989294999891418","0","https://instagram.fktp2-1.fna.fbcdn.net/v/t51.2885-19/430866367_286627407802026_6401917964225228691_n.jpg?stp=dst-jpg_s150x150&_nc_ht=instagram.fktp2-1.fna.fbcdn.net&_nc_cat=106&_nc_ohc=2CcA37FA-PIQ7kNvgHbM_oO&edm=AP_V10EBAAAA&ccb=7-5&oh=00_AYBFrXadY1CL9obiQee1oTvQP8pClnvhGtaa_0fYJL8LMA&oe=6681282A&_nc_sid=2999b8","regytaaprylia","https://www.instagram.com/p/CskPCVLsU3w/","@yogiiprapmito parkir gacoan sih uanehhhhh muesti ga enek uang kembalian muesti 🤮","2023-05-23T12:55:55.000Z"
"18248522908088404","0","https://instagram.fktp2-1.fna.fbcdn.net/v/t51.2885-19/121531725_1020909785037617_7317599520182142697_n.jpg?stp=dst-jpg_s150x150&_nc_ht=instagram.fktp2-1.fna.fbcdn.net&_nc_cat=105&_nc_ohc=J6L2ayIkhcQQ7kNvgEnFuGl&edm=AP_V10EBAAAA&ccb=7-5&oh=00_AYAGUFnMBG-ovQSCn5WT9wk-jSVR5uCe7d0dGNaJ8sn87Q&oe=668138DB&_nc_sid=2999b8","ekomentaro","https://www.instagram.com/p/CskPCVLsU3w/","@verane_imam 2000py,akeh kae sing 5000/10000","2023-05-23T13:17:58.000Z"
"18020954671507474","1","https://instagram.fktp2-1.fna.fbcdn.net/v/t51.2885-19/121531725_1020909785037617_7317599520182142697_n.jpg?stp=dst-jpg_s150x150&_nc_ht=instagram.fktp2-1.fna.fbcdn.net&_nc_cat=105&_nc_ohc=J6L2ayIkhcQQ7kNvgEnFuGl&edm=AP_V10EBAAAA&ccb=7-5&oh=00_AYAGUFnMBG-ovQSCn5WT9wk-jSVR5uCe7d0dGNaJ8sn87Q&oe=668138DB&_nc_sid=2999b8","ekomentaro","https://www.instagram.com/p/CskPCVLsU3w/","@mutiaraya__ lahan kusus,ne kota lahane kusus rodok angel,kakean omah dll,gelem py parkir Ombo neng lapangan kodim,trs acarane neng alun2😂😂😂","2023-05-23T13:19:16.000Z"
"17960567762338468","0","https://instagram.fktp2-1.fna.fbcdn.net/v/t51.2885-19/122183866_3359352074142242_4725765177838203229_n.jpg?stp=dst-jpg_s150x150&_nc_ht=instagram.fktp2-1.fna.fbcdn.net&_nc_cat=102&_nc_ohc=qXJFZfngVioQ7kNvgF_hO5n&edm=AP_V10EBAAAA&ccb=7-5&oh=00_AYCkXAOx_D-6st07lf0Gk9cj9QEpDTdnygevLiBCa-D8VA&oe=668120BF&_nc_sid=2999b8","verane_imam","https://www.instagram.com/p/CskPCVLsU3w/","@ekomentaro yoo diomongii aturane 1000 lo pak . Nek gak ngnu karo muleh butuhw diwei 5000 . Masaku ket jaman disek yo tekan 5000 parkire .","2023-05-23T13:20:09.000Z"
"18003862987783571","0","https://instagram.fktp2-1.fna.fbcdn.net/v/t51.2885-19/121531725_1020909785037617_7317599520182142697_n.jpg?stp=dst-jpg_s150x150&_nc_ht=instagram.fktp2-1.fna.fbcdn.net&_nc_cat=105&_nc_ohc=J6L2ayIkhcQQ7kNvgEnFuGl&edm=AP_V10EBAAAA&ccb=7-5&oh=00_AYAGUFnMBG-ovQSCn5WT9wk-jSVR5uCe7d0dGNaJ8sn87Q&oe=668138DB&_nc_sid=2999b8","ekomentaro","https://www.instagram.com/p/CskPCVLsU3w/","@add_zim kesel ngangkuti,ngko biaya neh,tukang angkut2","2023-05-23T13:21:56.000Z"
"17989700819066502","0","https://instagram.fktp2-1.fna.fbcdn.net/v/t51.2885-19/121531725_1020909785037617_7317599520182142697_n.jpg?stp=dst-jpg_s150x150&_nc_ht=instagram.fktp2-1.fna.fbcdn.net&_nc_cat=105&_nc_ohc=J6L2ayIkhcQQ7kNvgEnFuGl&edm=AP_V10EBAAAA&ccb=7-5&oh=00_AYAGUFnMBG-ovQSCn5WT9wk-jSVR5uCe7d0dGNaJ8sn87Q&oe=668138DB&_nc_sid=2999b8","ekomentaro","https://www.instagram.com/p/CskPCVLsU3w/","@verane_imam diomongi jawabe(lione Yo limang ewu,lak Ra gelem bayar,Ojo parkir ne kene)py trusan","2023-05-23T13:22:52.000Z"
"18007500397711143","0","https://instagram.fktp2-1.fna.fbcdn.net/v/t51.2885-19/122183866_3359352074142242_4725765177838203229_n.jpg?stp=dst-jpg_s150x150&_nc_ht=instagram.fktp2-1.fna.fbcdn.net&_nc_cat=102&_nc_ohc=qXJFZfngVioQ7kNvgF_hO5n&edm=AP_V10EBAAAA&ccb=7-5&oh=00_AYCkXAOx_D-6st07lf0Gk9cj9QEpDTdnygevLiBCa-D8VA&oe=668120BF&_nc_sid=2999b8","verane_imam","https://www.instagram.com/p/CskPCVLsU3w/","@ekomentaro 5000 kan jga tidak setiap hari mungkin pas waktu ada acara . Nek sya yo maklum wong trah gowo mobil / motor tak lempit yo gk kenek mas . 🙏 maaf hnya berpendat","2023-05-23T13:31:37.000Z"
"18260580121154288","0","https://instagram.fktp2-1.fna.fbcdn.net/v/t51.2885-19/122183866_3359352074142242_4725765177838203229_n.jpg?stp=dst-jpg_s150x150&_nc_ht=instagram.fktp2-1.fna.fbcdn.net&_nc_cat=102&_nc_ohc=qXJFZfngVioQ7kNvgF_hO5n&edm=AP_V10EBAAAA&ccb=7-5&oh=00_AYCkXAOx_D-6st07lf0Gk9cj9QEpDTdnygevLiBCa-D8VA&oe=668120BF&_nc_sid=2999b8","verane_imam","https://www.instagram.com/p/CskPCVLsU3w/","@verane_imam berpendapat","2023-05-23T13:32:12.000Z"
"18022493878500305","1","https://instagram.fktp2-1.fna.fbcdn.net/v/t51.2885-19/121531725_1020909785037617_7317599520182142697_n.jpg?stp=dst-jpg_s150x150&_nc_ht=instagram.fktp2-1.fna.fbcdn.net&_nc_cat=105&_nc_ohc=J6L2ayIkhcQQ7kNvgEnFuGl&edm=AP_V10EBAAAA&ccb=7-5&oh=00_AYAGUFnMBG-ovQSCn5WT9wk-jSVR5uCe7d0dGNaJ8sn87Q&oe=668138DB&_nc_sid=2999b8","ekomentaro","https://www.instagram.com/p/CskPCVLsU3w/","@verane_imam aji mumpung to Mak,trs gunane perda(bisa diubah trgantung sikon)gt to","2023-05-23T13:59:33.000Z"
"17958969890341478","0","https://instagram.fktp2-1.fna.fbcdn.net/v/t51.2885-19/122183866_3359352074142242_4725765177838203229_n.jpg?stp=dst-jpg_s150x150&_nc_ht=instagram.fktp2-1.fna.fbcdn.net&_nc_cat=102&_nc_ohc=qXJFZfngVioQ7kNvgF_hO5n&edm=AP_V10EBAAAA&ccb=7-5&oh=00_AYCkXAOx_D-6st07lf0Gk9cj9QEpDTdnygevLiBCa-D8VA&oe=668120BF&_nc_sid=2999b8","verane_imam","https://www.instagram.com/p/CskPCVLsU3w/","@ekomentaro trus selama ini kemana saja mas aturan perda itu sudh lama tapii kenapa masih di urus sekrg . Percuma kalau kita parkirnya dilahan pemilik cnth didalam pizza hut apa iya mau bilang aturan perda la kalau yang punya lahan la ini tempatku lo mas sya yo bayar pajak  Koyo gk ngerti wong ponrogo ae mas . Ibarat akua hari biasa 2000 aji mumpung kadang yo didol 5000 . 🙏🙏","2023-05-23T14:05:31.000Z"
"18020624485574262","0","https://instagram.fktp2-1.fna.fbcdn.net/v/t51.2885-19/121531725_1020909785037617_7317599520182142697_n.jpg?stp=dst-jpg_s150x150&_nc_ht=instagram.fktp2-1.fna.fbcdn.net&_nc_cat=105&_nc_ohc=J6L2ayIkhcQQ7kNvgEnFuGl&edm=AP_V10EBAAAA&ccb=7-5&oh=00_AYAGUFnMBG-ovQSCn5WT9wk-jSVR5uCe7d0dGNaJ8sn87Q&oe=668138DB&_nc_sid=2999b8","ekomentaro","https://www.instagram.com/p/CskPCVLsU3w/","@verane_imam tujuan dr postingan Iki mau Yo iku(e_parkir)utk LBH menertibkan parkir,JD jgn mikire(Halah mandak rong ewu ae kok,La 2000 x Lo,opo neh sing 5000 x,brapa kali lipat ....sdgkan yg kekota itu ora mesti arep ne alun2 tok,kadang arep tuku klambi(PO neh pas bodo)dilok neng toko A,toko B,toko C,neng alun2(Mergo gak cocok pakiane/piliane dll)La kui ws muni Lo parkire,kadang mulih Sik rung oleh opo sing digoleki,muk bayar2 pkr aja..😂😂😂😂😂","2023-05-23T14:14:37.000Z"
"17968717091236368","0","https://instagram.fktp2-1.fna.fbcdn.net/v/t51.2885-19/122183866_3359352074142242_4725765177838203229_n.jpg?stp=dst-jpg_s150x150&_nc_ht=instagram.fktp2-1.fna.fbcdn.net&_nc_cat=102&_nc_ohc=qXJFZfngVioQ7kNvgF_hO5n&edm=AP_V10EBAAAA&ccb=7-5&oh=00_AYCkXAOx_D-6st07lf0Gk9cj9QEpDTdnygevLiBCa-D8VA&oe=668120BF&_nc_sid=2999b8","verane_imam","https://www.instagram.com/p/CskPCVLsU3w/","@ekomentaro e parkingo yo tetep mbayar mas . 😁 marai ya iku lo mas fikirane wong bedo bedo mas . Pomokno ke tok a b c d sampek z urung temu bajune yo tetep bayar 1000 peng, intine dilempit mawon mas kendraane 😁🙏","2023-05-23T14:17:49.000Z"
"17973574472468724","0","https://instagram.fktp2-1.fna.fbcdn.net/v/t51.2885-19/423450550_710213144614745_2345246412311640373_n.jpg?stp=dst-jpg_s150x150&_nc_ht=instagram.fktp2-1.fna.fbcdn.net&_nc_cat=105&_nc_ohc=W9bSYTreUI0Q7kNvgEUw50E&edm=AP_V10EBAAAA&ccb=7-5&oh=00_AYA3Mbbd2sDX0hIjYpXJCTYb6eINVIxKdMyDbZQjPG3JyA&oe=66811F6D&_nc_sid=2999b8","irvanwahyuuu_","https://www.instagram.com/p/CskPCVLsU3w/","Pake e-money aja tinggal tap gitu kan enak atau bisa pakai qr code","2023-05-23T14:23:27.000Z"
"17965411214294358","0","https://instagram.fktp2-1.fna.fbcdn.net/v/t51.2885-19/121531725_1020909785037617_7317599520182142697_n.jpg?stp=dst-jpg_s150x150&_nc_ht=instagram.fktp2-1.fna.fbcdn.net&_nc_cat=105&_nc_ohc=J6L2ayIkhcQQ7kNvgEnFuGl&edm=AP_V10EBAAAA&ccb=7-5&oh=00_AYAGUFnMBG-ovQSCn5WT9wk-jSVR5uCe7d0dGNaJ8sn87Q&oe=668138DB&_nc_sid=2999b8","ekomentaro","https://www.instagram.com/p/CskPCVLsU3w/","@verane_imam loh,La Ra byr Ki py,😂😂dg eparkir,(mungkin akan LBH trtib lagi,lak bayar 2000 Yo 2000,Krn wis dideteksi Ama mesin tsb(mungkin Lo ya😂😂","2023-05-23T14:32:25.000Z"
"17956641974417453","0","https://instagram.fktp2-1.fna.fbcdn.net/v/t51.2885-19/122183866_3359352074142242_4725765177838203229_n.jpg?stp=dst-jpg_s150x150&_nc_ht=instagram.fktp2-1.fna.fbcdn.net&_nc_cat=102&_nc_ohc=qXJFZfngVioQ7kNvgF_hO5n&edm=AP_V10EBAAAA&ccb=7-5&oh=00_AYCkXAOx_D-6st07lf0Gk9cj9QEpDTdnygevLiBCa-D8VA&oe=668120BF&_nc_sid=2999b8","verane_imam","https://www.instagram.com/p/CskPCVLsU3w/","@ekomentaro 😂😂 belum tentu mas . Merka yang punya lahan sendiri yo bisa mengUPkan biaya parkir lo. Contoh hari raya poper . Luwes . Pcc itu semua punya lahan sendiri . Ya kalau mereka juga aji mumpung 🥳🥳 intinya smga dilncarkan riskinya semua bisa sedekah lewat parkir 1000 rupiah . daripada diwehne wong nga**n ngnu diwei 1000 sek nesu parkir 2000 ora mbok wei susuk mesti muni matursuwun opo meneh seng mbok wei mbah mbah tuwk mesti ditambah ngantos ngatos mas mbak .","2023-05-23T14:41:50.000Z"
"17981890043311272","0","https://instagram.fgua2-2.fna.fbcdn.net/v/t51.2885-19/44884218_345707102882519_2446069589734326272_n.jpg?_nc_ht=instagram.fgua2-2.fna.fbcdn.net&_nc_cat=1&_nc_ohc=gt6nfLKGL2IQ7kNvgHOmliC&edm=ALlQn9MBAAAA&ccb=7-5&ig_cache_key=YW5vbnltb3VzX3Byb2ZpbGVfcGlj.2-ccb7-5&oh=00_AYARXRLwZrTN5v6zmnacoXP_YTYgrXHxGM5rf7-_neS2iA&oe=6681300F&_nc_sid=e7f676","noxers.noxx","https://www.instagram.com/p/CskPCVLsU3w/","Laah lah tonggo ku ngono kok an","2023-05-23T14:51:35.000Z"
"17951766773488425","0","https://instagram.fktp2-1.fna.fbcdn.net/v/t51.2885-19/364175099_1446958339479064_3241864922698946178_n.jpg?stp=dst-jpg_s150x150&_nc_ht=instagram.fktp2-1.fna.fbcdn.net&_nc_cat=104&_nc_ohc=x-XdyXIDC4QQ7kNvgFzjZZn&edm=AP_V10EBAAAA&ccb=7-5&oh=00_AYD_aCM8IxJy7JIJP0LFJz-cfDfeu5VhqIzKO6Uvp7wvtQ&oe=668138FD&_nc_sid=2999b8","dicko_armadona27","https://www.instagram.com/p/CskPCVLsU3w/","Cocok","2023-05-23T15:34:04.000Z"
"17930430281690944","0","https://instagram.fktp2-1.fna.fbcdn.net/v/t51.2885-19/23348025_136247847135694_3742186343371898880_n.jpg?stp=dst-jpg_s150x150&_nc_ht=instagram.fktp2-1.fna.fbcdn.net&_nc_cat=110&_nc_ohc=BiwG0ZngZWAQ7kNvgFE_HyS&edm=AP_V10EBAAAA&ccb=7-5&oh=00_AYD-YitUobRq5PKLtdhT7vT1fPWFuunhcrNHVnirNmlAKw&oe=6681288B&_nc_sid=2999b8","sate_gule_kambing_bhayangkara","https://www.instagram.com/p/CskPCVLsU3w/","Alun alun juga ya d kasih e parkir","2023-05-23T17:29:11.000Z"
"17958360314590205","1","https://instagram.fktp2-1.fna.fbcdn.net/v/t51.2885-19/121531725_1020909785037617_7317599520182142697_n.jpg?stp=dst-jpg_s150x150&_nc_ht=instagram.fktp2-1.fna.fbcdn.net&_nc_cat=105&_nc_ohc=J6L2ayIkhcQQ7kNvgEnFuGl&edm=AP_V10EBAAAA&ccb=7-5&oh=00_AYAGUFnMBG-ovQSCn5WT9wk-jSVR5uCe7d0dGNaJ8sn87Q&oe=668138DB&_nc_sid=2999b8","ekomentaro","https://www.instagram.com/p/CskPCVLsU3w/","@verane_imam yg punya lahan ndiri kok dibahas,kn yg dbhas td ttg etilang,ya jls yg ada hubnya dg Pemda Wak,misalnya Yo parkir ne jln hos/alun2,","2023-05-23T22:16:44.000Z"
"18189320635265801","2","https://instagram.fktp2-1.fna.fbcdn.net/v/t51.2885-19/435288680_1413022512676698_5268361672840184831_n.jpg?stp=dst-jpg_s150x150&_nc_ht=instagram.fktp2-1.fna.fbcdn.net&_nc_cat=106&_nc_ohc=3DCmOeqvJ2cQ7kNvgG0vw2Z&edm=AP_V10EBAAAA&ccb=7-5&oh=00_AYBeES7S8gOry82Dgtj9sHw1vcakQRj7M6bl-20UJy7GPQ&oe=66811DE5&_nc_sid=2999b8","noismaaa","https://www.instagram.com/p/CskPCVLsU3w/","@ekomentaro sepemikiran🤣🤣 request diluar nalar bmkg","2023-05-23T22:20:22.000Z"
"17985424708944265","2","https://instagram.fktp2-1.fna.fbcdn.net/v/t51.2885-19/435288680_1413022512676698_5268361672840184831_n.jpg?stp=dst-jpg_s150x150&_nc_ht=instagram.fktp2-1.fna.fbcdn.net&_nc_cat=106&_nc_ohc=3DCmOeqvJ2cQ7kNvgG0vw2Z&edm=AP_V10EBAAAA&ccb=7-5&oh=00_AYBeES7S8gOry82Dgtj9sHw1vcakQRj7M6bl-20UJy7GPQ&oe=66811DE5&_nc_sid=2999b8","noismaaa","https://www.instagram.com/p/CskPCVLsU3w/","@awang_medyna10 anu e mas parkir ng lapangan nko mlaku ng gon tujuan e puenak 🤣🤣 requestmu diluar nalar bmkg, lahan e ndak ono full omah","2023-05-23T22:22:22.000Z"
"18185662666302079","0","https://instagram.fktp2-1.fna.fbcdn.net/v/t51.2885-19/236232958_1009168979886719_8951906315075245426_n.jpg?stp=dst-jpg_s150x150&_nc_ht=instagram.fktp2-1.fna.fbcdn.net&_nc_cat=111&_nc_ohc=BVZgiloCCXcQ7kNvgGdQ1x_&edm=AP_V10EBAAAA&ccb=7-5&oh=00_AYBHKCuQrG3fEiw12EbRmRgKBMwBB7_zBnAMpJjPBAUxfw&oe=668112B6&_nc_sid=2999b8","triendahokta","https://www.instagram.com/p/CskPCVLsU3w/","@yogiiprapmito setuju,opo meneh sing gaene blojo bahan kadang toko satu & satune kosong pindah toko liyane,sik kas sak nyuk an ae parkir padahal barang sing di goleki durung oleh🤭","2023-05-23T22:24:13.000Z"
"17984124230301553","0","https://instagram.fktp2-1.fna.fbcdn.net/v/t51.2885-19/289044843_157057690191945_4569055268273416782_n.jpg?stp=dst-jpg_s150x150&_nc_ht=instagram.fktp2-1.fna.fbcdn.net&_nc_cat=109&_nc_ohc=rmGWW__CfPoQ7kNvgGU1KMk&edm=AP_V10EBAAAA&ccb=7-5&oh=00_AYDyZ5Q00154VSOvai1gB4KuTpRy8VheL887Lvk4FUyt7A&oe=66814246&_nc_sid=2999b8","yunizu54","https://www.instagram.com/p/CskPCVLsU3w/","@yogiiprapmito rasa"" nya mau pindah negara😢, tapi gimana caranya😂","2023-05-24T01:40:11.000Z"
"17973915542134726","1","https://instagram.fktp2-1.fna.fbcdn.net/v/t51.2885-19/241183816_193630272862704_7331082469692447022_n.jpg?stp=dst-jpg_s150x150&_nc_ht=instagram.fktp2-1.fna.fbcdn.net&_nc_cat=100&_nc_ohc=-s_AkZNxbt4Q7kNvgGxkYcn&edm=AP_V10EBAAAA&ccb=7-5&oh=00_AYDyEz3RQeNxeIclBzAYJBPfFS2z6CpfVKTVCgxk8IJNZA&oe=66811C2D&_nc_sid=2999b8","chandraperdanputra","https://www.instagram.com/p/CskPCVLsU3w/","@mutiaraya__ dari pada ribet komen ndk msuknakal mending diam saja.","2023-05-24T02:45:01.000Z"
"18010728070646170","0","https://instagram.fktp2-1.fna.fbcdn.net/v/t51.2885-19/419079097_1304022780990731_3091476610040621827_n.jpg?stp=dst-jpg_s150x150&_nc_ht=instagram.fktp2-1.fna.fbcdn.net&_nc_cat=111&_nc_ohc=QheV3_ZlzOcQ7kNvgFhpYVj&edm=AP_V10EBAAAA&ccb=7-5&oh=00_AYCrfvYTQMA88kBcTn8wSRRQuvvMt1S4cwcyoG2h-u91Nw&oe=66812CE9&_nc_sid=2999b8","hr_kenn","https://www.instagram.com/p/CskPCVLsU3w/","sui sui kno E Toilet barang iki ngko😂","2023-05-24T05:00:09.000Z"
"17959822217347859","0","https://instagram.fktp2-1.fna.fbcdn.net/v/t51.2885-19/447771988_394428090262904_6418576654813637125_n.jpg?stp=dst-jpg_s150x150&_nc_ht=instagram.fktp2-1.fna.fbcdn.net&_nc_cat=108&_nc_ohc=pAg49FmCRqQQ7kNvgF39dc7&edm=AP_V10EBAAAA&ccb=7-5&oh=00_AYB15VZZBuKi4ceJGYo_yQKzYkjfBy5t38H7fj4__4Jg7A&oe=668124B3&_nc_sid=2999b8","nabilaputri4097","https://www.instagram.com/p/CskPCVLsU3w/","@hallondhy mbok ngono Ojo bawa uang banyak2 mbk di siap in 2ribu aja","2023-05-26T00:30:19.000Z"
"18190404409250321","0","https://instagram.fktp2-1.fna.fbcdn.net/v/t51.2885-19/201792707_333688704820264_95853086162305538_n.jpg?stp=dst-jpg_s150x150&_nc_ht=instagram.fktp2-1.fna.fbcdn.net&_nc_cat=104&_nc_ohc=hThOD86nS-QQ7kNvgGrt7LA&edm=AP_V10EBAAAA&ccb=7-5&oh=00_AYDbzCRNRGU0qpxjrU1ngSomYezlS3tVyP-80aX9pADmeA&oe=668116F2&_nc_sid=2999b8","istaurini27","https://www.instagram.com/p/CskPCVLsU3w/","Fungsi trotoar untuk pejalan kaki mana pak  kok semua angkringan","2023-05-27T05:46:29.000Z"
"17991356653985315","0","https://instagram.fktp2-1.fna.fbcdn.net/v/t51.2885-19/332548992_892970662011671_231092415972146409_n.jpg?stp=dst-jpg_s150x150&_nc_ht=instagram.fktp2-1.fna.fbcdn.net&_nc_cat=111&_nc_ohc=ENFJWA5-2FgQ7kNvgEIArrR&edm=AP_V10EBAAAA&ccb=7-5&oh=00_AYD371p1AebuE6e4O-fNnaGUI1O0LGV4bviPusWhK_N5Zg&oe=6681337C&_nc_sid=2999b8","sugenghidayat12","https://www.instagram.com/p/CskPCVLsU3w/","Jukir jenenge berek ngasi bingung kwi Lo..diwarai ngasi Isa.. 😂😂","2023-05-27T14:58:01.000Z"
